borough,category_name,grad_percent,advanced_regents_grads_percent,dropout_count,dropout_percent,cohort_year,year,cohort_name,grade,academic_year_id,attendance_percent,chronically_absent_count,regents_exam,total_tested,mean_score,number_scoring_below_60,percent_scoring_below_60,number_scoring_above_80,percent_scoring_above_80
Bronx,ELL,69.9,1.8,251,12.9,2019,2023,4 year August,10,2023-24,85.4,1199,Common Core Algebra,15,52.3,12,80.0,0,0.0
Bronx,ELL,73.1,6.0,304,12.3,2018,2022,4 year August,10,2022-23,84.9,1237,Common Core Algebra,31,43.9,29,93.5,0,0.0
Bronx,ELL,66.7,10.6,291,13.0,2017,2021,4 year August,10,2021-22,82.7,1241,Common Core Algebra,6,52.5,4,66.7,0,0.0
Bronx,ELL,50.0,1.4,458,21.8,2016,2020,4 year August,10,2020-21,80.7,1338,Common Core Algebra,15,46.1,13,86.7,0,0.0
Bronx,ELL,42.7,0.1,557,26.3,2015,2019,4 year August,10,2019-20,85.1,1253,Common Core Algebra,34,52.4,29,85.3,0,0.0
Bronx,ELL,35.0,0.3,554,28.2,2014,2018,4 year August,10,2018-19,84.0,1481,Common Core Algebra,32,54.7,25,78.1,0,0.0
Bronx,ELL,32.4,0.2,479,27.0,2013,2017,4 year August,9,2017-18,81.4,1259,Common Core Algebra,35,53.1,29,82.9,0,0.0
Bronx,ELL,31.6,1.8,469,27.0,2012,2016,4 year August,9,2016-17,82.6,1259,Common Core Algebra,25,54.8,22,88.0,0,0.0
Bronx,ELL,66.2,1.9,252,13.0,2019,2023,4 year June,10,2023-24,85.4,1199,Common Core Algebra,15,52.3,12,80.0,0,0.0
Bronx,ELL,71.6,6.0,305,12.3,2018,2022,4 year June,10,2022-23,84.9,1237,Common Core Algebra,31,43.9,29,93.5,0,0.0
Bronx,ELL,63.7,10.9,292,13.0,2017,2021,4 year June,10,2021-22,82.7,1241,Common Core Algebra,6,52.5,4,66.7,0,0.0
Bronx,ELL,47.6,1.5,458,21.8,2016,2020,4 year June,10,2020-21,80.7,1338,Common Core Algebra,15,46.1,13,86.7,0,0.0
Bronx,ELL,36.2,0.1,559,26.4,2015,2019,4 year June,10,2019-20,85.1,1253,Common Core Algebra,34,52.4,29,85.3,0,0.0
Bronx,ELL,29.8,0.3,554,28.2,2014,2018,4 year June,10,2018-19,84.0,1481,Common Core Algebra,32,54.7,25,78.1,0,0.0
Bronx,ELL,27.3,0.2,479,27.0,2013,2017,4 year June,9,2017-18,81.4,1259,Common Core Algebra,35,53.1,29,82.9,0,0.0
Bronx,ELL,28.3,2.0,469,27.0,2012,2016,4 year June,9,2016-17,82.6,1259,Common Core Algebra,25,54.8,22,88.0,0,0.0
Bronx,ELL,76.8,5.7,372,15.3,2018,2023,5 year August,10,2023-24,85.4,1199,Common Core Algebra,15,52.3,12,80.0,0,0.0
Bronx,ELL,71.0,10.0,409,18.3,2017,2022,5 year August,10,2022-23,84.9,1237,Common Core Algebra,31,43.9,29,93.5,0,0.0
Bronx,ELL,58.2,1.3,578,28.1,2016,2021,5 year August,10,2021-22,82.7,1241,Common Core Algebra,6,52.5,4,66.7,0,0.0
Bronx,ELL,53.3,0.1,660,33.0,2015,2020,5 year August,10,2020-21,80.7,1338,Common Core Algebra,15,46.1,13,86.7,0,0.0
Bronx,ELL,43.3,0.2,792,41.9,2014,2019,5 year August,10,2019-20,85.1,1253,Common Core Algebra,34,52.4,29,85.3,0,0.0
Bronx,ELL,38.9,0.2,630,37.9,2013,2018,5 year August,10,2018-19,84.0,1481,Common Core Algebra,32,54.7,25,78.1,0,0.0
Bronx,ELL,38.2,1.6,629,37.4,2012,2017,5 year August,9,2017-18,81.4,1259,Common Core Algebra,35,53.1,29,82.9,0,0.0
Bronx,ELL,76.5,5.7,373,15.3,2018,2023,5 year June,10,2023-24,85.4,1199,Common Core Algebra,15,52.3,12,80.0,0,0.0
Bronx,ELL,70.6,10.1,412,18.5,2017,2022,5 year June,10,2022-23,84.9,1237,Common Core Algebra,31,43.9,29,93.5,0,0.0
Bronx,ELL,57.6,1.3,579,28.2,2016,2021,5 year June,10,2021-22,82.7,1241,Common Core Algebra,6,52.5,4,66.7,0,0.0
Bronx,ELL,52.4,0.1,667,33.3,2015,2020,5 year June,10,2020-21,80.7,1338,Common Core Algebra,15,46.1,13,86.7,0,0.0
Bronx,ELL,42.0,0.3,798,42.2,2014,2019,5 year June,10,2019-20,85.1,1253,Common Core Algebra,34,52.4,29,85.3,0,0.0
Bronx,ELL,37.9,0.2,631,37.9,2013,2018,5 year June,10,2018-19,84.0,1481,Common Core Algebra,32,54.7,25,78.1,0,0.0
Bronx,ELL,37.1,1.6,631,37.5,2012,2017,5 year June,9,2017-18,81.4,1259,Common Core Algebra,35,53.1,29,82.9,0,0.0
Bronx,ELL,72.2,9.9,423,19.1,2017,2023,6 year June,10,2023-24,85.4,1199,Common Core Algebra,15,52.3,12,80.0,0,0.0
Bronx,ELL,60.2,1.2,624,30.4,2016,2022,6 year June,10,2022-23,84.9,1237,Common Core Algebra,31,43.9,29,93.5,0,0.0
Bronx,ELL,55.1,0.1,674,33.8,2015,2021,6 year June,10,2021-22,82.7,1241,Common Core Algebra,6,52.5,4,66.7,0,0.0
Bronx,ELL,47.0,0.2,779,41.8,2014,2020,6 year June,10,2020-21,80.7,1338,Common Core Algebra,15,46.1,13,86.7,0,0.0
Bronx,ELL,41.1,0.1,691,42.2,2013,2019,6 year June,10,2019-20,85.1,1253,Common Core Algebra,34,52.4,29,85.3,0,0.0
Bronx,ELL,41.0,1.5,676,40.7,2012,2018,6 year June,10,2018-19,84.0,1481,Common Core Algebra,32,54.7,25,78.1,0,0.0
Brooklyn,ELL,60.7,8.0,334,16.4,2019,2023,4 year August,10,2023-24,84.3,1613,Common Core Algebra2,6,48.0,6,100.0,0,0.0
Brooklyn,ELL,66.7,18.7,383,14.6,2018,2022,4 year August,10,2022-23,83.8,1442,Common Core English,18,41.7,17,94.4,0,0.0
Brooklyn,ELL,60.2,16.7,276,12.9,2017,2021,4 year August,10,2021-22,82.1,1362,Common Core Algebra,36,39.5,35,97.2,0,0.0
Brooklyn,ELL,47.9,5.6,409,21.0,2016,2020,4 year August,10,2020-21,76.0,1533,Common Core Algebra,11,42.9,10,90.9,0,0.0
Brooklyn,ELL,41.9,4.3,454,23.5,2015,2019,4 year August,10,2019-20,85.1,1196,Common Core English,6,42.3,5,83.3,0,0.0
Brooklyn,ELL,38.9,3.9,373,22.8,2014,2018,4 year August,10,2018-19,84.6,1274,Common Core Algebra,11,58.3,8,72.7,0,0.0
Brooklyn,ELL,36.0,4.4,408,25.6,2013,2017,4 year August,9,2017-18,84.6,1224,Common Core Algebra,14,53.0,13,92.9,0,0.0
Brooklyn,ELL,31.7,3.9,390,25.4,2012,2016,4 year August,9,2016-17,86.6,1085,Common Core Algebra,10,60.1,6,60.0,0,0.0
Brooklyn,ELL,55.7,8.5,335,16.4,2019,2023,4 year June,10,2023-24,84.3,1613,Common Core Algebra2,6,48.0,6,100.0,0,0.0
Brooklyn,ELL,63.3,19.2,386,14.7,2018,2022,4 year June,10,2022-23,83.8,1442,Common Core English,18,41.7,17,94.4,0,0.0
Brooklyn,ELL,54.4,18.0,278,13.0,2017,2021,4 year June,10,2021-22,82.1,1362,Common Core Algebra,36,39.5,35,97.2,0,0.0
Brooklyn,ELL,44.1,6.1,410,21.1,2016,2020,4 year June,10,2020-21,76.0,1533,Common Core Algebra,11,42.9,10,90.9,0,0.0
Brooklyn,ELL,34.9,5.0,456,23.6,2015,2019,4 year June,10,2019-20,85.1,1196,Common Core English,6,42.3,5,83.3,0,0.0
Brooklyn,ELL,31.0,4.7,373,22.8,2014,2018,4 year June,10,2018-19,84.6,1274,Common Core Algebra,11,58.3,8,72.7,0,0.0
Brooklyn,ELL,30.1,5.0,408,25.6,2013,2017,4 year June,9,2017-18,84.6,1224,Common Core Algebra,14,53.0,13,92.9,0,0.0
Brooklyn,ELL,26.3,4.7,390,25.4,2012,2016,4 year June,9,2016-17,86.6,1085,Common Core Algebra,10,60.1,6,60.0,0,0.0
Brooklyn,ELL,71.7,17.9,493,19.2,2018,2023,5 year August,10,2023-24,84.3,1613,Common Core Algebra2,6,48.0,6,100.0,0,0.0
Brooklyn,ELL,67.7,15.4,438,20.7,2017,2022,5 year August,10,2022-23,83.8,1442,Common Core English,18,41.7,17,94.4,0,0.0
Brooklyn,ELL,56.6,5.4,529,27.6,2016,2021,5 year August,10,2021-22,82.1,1362,Common Core Algebra,36,39.5,35,97.2,0,0.0
Brooklyn,ELL,54.1,3.8,545,30.5,2015,2020,5 year August,10,2020-21,76.0,1533,Common Core Algebra,11,42.9,10,90.9,0,0.0
Brooklyn,ELL,46.2,3.4,554,36.6,2014,2019,5 year August,10,2019-20,85.1,1196,Common Core English,6,42.3,5,83.3,0,0.0
Brooklyn,ELL,43.2,3.9,528,35.8,2013,2018,5 year August,10,2018-19,84.6,1274,Common Core Algebra,11,58.3,8,72.7,0,0.0
Brooklyn,ELL,39.1,3.3,531,36.3,2012,2017,5 year August,9,2017-18,84.6,1224,Common Core Algebra,14,53.0,13,92.9,0,0.0
Brooklyn,ELL,71.0,18.1,496,19.3,2018,2023,5 year June,10,2023-24,84.3,1613,Common Core Algebra2,6,48.0,6,100.0,0,0.0
Brooklyn,ELL,66.7,15.7,442,20.9,2017,2022,5 year June,10,2022-23,83.8,1442,Common Core English,18,41.7,17,94.4,0,0.0
Brooklyn,ELL,55.0,5.3,532,27.8,2016,2021,5 year June,10,2021-22,82.1,1362,Common Core Algebra,36,39.5,35,97.2,0,0.0
Brooklyn,ELL,53.0,3.9,552,30.9,2015,2020,5 year June,10,2020-21,76.0,1533,Common Core Algebra,11,42.9,10,90.9,0,0.0
Brooklyn,ELL,45.0,3.5,559,36.9,2014,2019,5 year June,10,2019-20,85.1,1196,Common Core English,6,42.3,5,83.3,0,0.0
Brooklyn,ELL,41.9,4.1,529,35.9,2013,2018,5 year June,10,2018-19,84.6,1274,Common Core Algebra,11,58.3,8,72.7,0,0.0
Brooklyn,ELL,37.9,3.4,532,36.4,2012,2017,5 year June,9,2017-18,84.6,1224,Common Core Algebra,14,53.0,13,92.9,0,0.0
Brooklyn,ELL,68.6,15.3,502,23.8,2017,2023,6 year June,10,2023-24,84.3,1613,Common Core Algebra2,6,48.0,6,100.0,0,0.0
Brooklyn,ELL,58.8,5.2,597,31.3,2016,2022,6 year June,10,2022-23,83.8,1442,Common Core English,18,41.7,17,94.4,0,0.0
Brooklyn,ELL,56.3,3.7,584,32.8,2015,2021,6 year June,10,2021-22,82.1,1362,Common Core Algebra,36,39.5,35,97.2,0,0.0
Brooklyn,ELL,50.9,3.3,547,36.6,2014,2020,6 year June,10,2020-21,76.0,1533,Common Core Algebra,11,42.9,10,90.9,0,0.0
Brooklyn,ELL,45.9,3.8,563,39.0,2013,2019,6 year June,10,2019-20,85.1,1196,Common Core English,6,42.3,5,83.3,0,0.0
Brooklyn,ELL,41.3,3.2,590,41.4,2012,2018,6 year June,10,2018-19,84.6,1274,Common Core Algebra,11,58.3,8,72.7,0,0.0
Manhattan,ELL,51.0,12.4,411,27.5,2019,2023,4 year August,10,2023-24,81.5,1304,Chinese,8,88.0,0,0.0,7,87.5
Manhattan,ELL,58.2,19.9,419,22.4,2018,2022,4 year August,10,2022-23,82.1,1075,Chinese,15,86.9,0,0.0,13,86.7
Manhattan,ELL,53.8,20.0,310,19.2,2017,2021,4 year August,10,2021-22,80.7,974,Common Core English,13,79.2,2,15.4,8,61.5
Manhattan,ELL,38.8,13.1,328,23.2,2016,2020,4 year August,10,2020-21,72.8,1037,Common Core Algebra,6,59.2,4,66.7,0,0.0
Manhattan,ELL,36.3,6.6,392,27.7,2015,2019,4 year August,10,2019-20,84.5,851,Common Core Algebra,13,64.5,8,61.5,1,7.7
Manhattan,ELL,28.7,7.8,401,30.8,2014,2018,4 year August,10,2018-19,84.5,948,Common Core Algebra,10,65.7,5,50.0,3,30.0
Manhattan,ELL,26.2,11.3,390,30.5,2013,2017,4 year August,9,2017-18,84.3,550,Common Core Algebra,11,58.6,6,54.5,0,0.0
Manhattan,ELL,29.8,10.8,348,28.0,2012,2016,4 year August,9,2016-17,84.5,577,Common Core Algebra,8,68.0,3,37.5,2,25.0
Manhattan,ELL,48.6,12.6,412,27.6,2019,2023,4 year June,10,2023-24,81.5,1304,Chinese,8,88.0,0,0.0,7,87.5
Manhattan,ELL,55.2,20.9,420,22.4,2018,2022,4 year June,10,2022-23,82.1,1075,Chinese,15,86.9,0,0.0,13,86.7
Manhattan,ELL,51.0,20.8,310,19.2,2017,2021,4 year June,10,2021-22,80.7,974,Common Core English,13,79.2,2,15.4,8,61.5
Manhattan,ELL,36.4,14.0,330,23.3,2016,2020,4 year June,10,2020-21,72.8,1037,Common Core Algebra,6,59.2,4,66.7,0,0.0
Manhattan,ELL,31.7,7.3,393,27.8,2015,2019,4 year June,10,2019-20,84.5,851,Common Core Algebra,13,64.5,8,61.5,1,7.7
Manhattan,ELL,24.5,9.1,401,30.8,2014,2018,4 year June,10,2018-19,84.5,948,Common Core Algebra,10,65.7,5,50.0,3,30.0
Manhattan,ELL,22.5,12.2,390,30.5,2013,2017,4 year June,9,2017-18,84.3,550,Common Core Algebra,11,58.6,6,54.5,0,0.0
Manhattan,ELL,26.5,11.9,348,28.0,2012,2016,4 year June,9,2016-17,84.5,577,Common Core Algebra,8,68.0,3,37.5,2,25.0
Manhattan,ELL,61.5,19.3,488,26.3,2018,2023,5 year August,10,2023-24,81.5,1304,Chinese,8,88.0,0,0.0,7,87.5
Manhattan,ELL,59.6,18.3,432,26.7,2017,2022,5 year August,10,2022-23,82.1,1075,Chinese,15,86.9,0,0.0,13,86.7
Manhattan,ELL,48.0,10.9,403,28.5,2016,2021,5 year August,10,2021-22,80.7,974,Common Core English,13,79.2,2,15.4,8,61.5
Manhattan,ELL,46.8,5.6,459,34.1,2015,2020,5 year August,10,2020-21,72.8,1037,Common Core Algebra,6,59.2,4,66.7,0,0.0
Manhattan,ELL,34.8,6.9,546,43.9,2014,2019,5 year August,10,2019-20,84.5,851,Common Core Algebra,13,64.5,8,61.5,1,7.7
Manhattan,ELL,34.1,9.4,493,40.6,2013,2018,5 year August,10,2018-19,84.5,948,Common Core Algebra,10,65.7,5,50.0,3,30.0
Manhattan,ELL,36.7,10.1,436,36.8,2012,2017,5 year August,9,2017-18,84.3,550,Common Core Algebra,11,58.6,6,54.5,0,0.0
Manhattan,ELL,60.9,19.5,489,26.4,2018,2023,5 year June,10,2023-24,81.5,1304,Chinese,8,88.0,0,0.0,7,87.5
Manhattan,ELL,58.8,18.5,432,26.7,2017,2022,5 year June,10,2022-23,82.1,1075,Chinese,15,86.9,0,0.0,13,86.7
Manhattan,ELL,46.9,11.2,404,28.6,2016,2021,5 year June,10,2021-22,80.7,974,Common Core English,13,79.2,2,15.4,8,61.5
Manhattan,ELL,46.1,5.5,461,34.3,2015,2020,5 year June,10,2020-21,72.8,1037,Common Core Algebra,6,59.2,4,66.7,0,0.0
Manhattan,ELL,33.6,7.2,549,44.2,2014,2019,5 year June,10,2019-20,84.5,851,Common Core Algebra,13,64.5,8,61.5,1,7.7
Manhattan,ELL,32.6,9.8,493,40.6,2013,2018,5 year June,10,2018-19,84.5,948,Common Core Algebra,10,65.7,5,50.0,3,30.0
Manhattan,ELL,36.0,10.3,436,36.8,2012,2017,5 year June,9,2017-18,84.3,550,Common Core Algebra,11,58.6,6,54.5,0,0.0
Manhattan,ELL,60.3,18.1,468,29.1,2017,2023,6 year June,10,2023-24,81.5,1304,Chinese,8,88.0,0,0.0,7,87.5
Manhattan,ELL,50.2,10.4,487,34.2,2016,2022,6 year June,10,2022-23,82.1,1075,Chinese,15,86.9,0,0.0,13,86.7
Manhattan,ELL,48.8,5.5,483,35.9,2015,2021,6 year June,10,2021-22,80.7,974,Common Core English,13,79.2,2,15.4,8,61.5
Manhattan,ELL,38.6,6.3,554,44.8,2014,2020,6 year June,10,2020-21,72.8,1037,Common Core Algebra,6,59.2,4,66.7,0,0.0
Manhattan,ELL,36.5,9.1,535,44.3,2013,2019,6 year June,10,2019-20,84.5,851,Common Core Algebra,13,64.5,8,61.5,1,7.7
Manhattan,ELL,40.1,9.7,483,41.7,2012,2018,6 year June,10,2018-19,84.5,948,Common Core Algebra,10,65.7,5,50.0,3,30.0
Queens,ELL,63.8,9.6,311,13.9,2019,2023,4 year August,10,2023-24,84.5,1773,Common Core Algebra,84,63.8,32,38.1,5,6.0
Queens,ELL,68.4,20.4,349,14.0,2018,2022,4 year August,10,2022-23,85.2,1440,Common Core Algebra,6,43.2,6,100.0,0,0.0
Queens,ELL,59.2,20.1,408,18.6,2017,2021,4 year August,10,2021-22,82.7,1361,Common Core Algebra,6,57.0,4,66.7,0,0.0
Queens,ELL,43.9,8.0,467,25.8,2016,2020,4 year August,10,2020-21,80.9,1237,Common Core Algebra,54,55.4,43,79.6,2,3.7
Queens,ELL,42.1,4.2,462,25.3,2015,2019,4 year August,10,2019-20,85.8,1072,Common Core Algebra,120,61.9,69,57.5,4,3.3
Queens,ELL,35.9,4.4,446,25.4,2014,2018,4 year August,10,2018-19,86.0,1206,Common Core Algebra,106,56.0,77,72.6,5,4.7
Queens,ELL,34.4,4.5,428,26.2,2013,2017,4 year August,9,2017-18,85.9,1236,Common Core Algebra,118,61.4,66,55.9,9,7.6
Queens,ELL,31.9,4.1,426,27.6,2012,2016,4 year August,9,2016-17,86.7,1148,Common Core Algebra,103,59.2,70,68.0,10,9.7
Queens,ELL,59.2,9.9,313,14.0,2019,2023,4 year June,10,2023-24,84.5,1773,Common Core Algebra,84,63.8,32,38.1,5,6.0
Queens,ELL,65.1,21.1,349,14.0,2018,2022,4 year June,10,2022-23,85.2,1440,Common Core Algebra,6,43.2,6,100.0,0,0.0
Queens,ELL,53.2,21.8,410,18.7,2017,2021,4 year June,10,2021-22,82.7,1361,Common Core Algebra,6,57.0,4,66.7,0,0.0
Queens,ELL,39.9,8.6,467,25.8,2016,2020,4 year June,10,2020-21,80.9,1237,Common Core Algebra,54,55.4,43,79.6,2,3.7
Queens,ELL,35.9,4.9,462,25.3,2015,2019,4 year June,10,2019-20,85.8,1072,Common Core Algebra,120,61.9,69,57.5,4,3.3
Queens,ELL,30.8,4.6,446,25.4,2014,2018,4 year June,10,2018-19,86.0,1206,Common Core Algebra,106,56.0,77,72.6,5,4.7
Queens,ELL,29.1,4.4,428,26.2,2013,2017,4 year June,9,2017-18,85.9,1236,Common Core Algebra,118,61.4,66,55.9,9,7.6
Queens,ELL,28.0,4.4,426,27.6,2012,2016,4 year June,9,2016-17,86.7,1148,Common Core Algebra,103,59.2,70,68.0,10,9.7
Queens,ELL,71.9,19.7,453,18.4,2018,2023,5 year August,10,2023-24,84.5,1773,Common Core Algebra,84,63.8,32,38.1,5,6.0
Queens,ELL,64.0,19.1,514,23.6,2017,2022,5 year August,10,2022-23,85.2,1440,Common Core Algebra,6,43.2,6,100.0,0,0.0
Queens,ELL,51.1,7.8,571,32.2,2016,2021,5 year August,10,2021-22,82.7,1361,Common Core Algebra,6,57.0,4,66.7,0,0.0
Queens,ELL,52.6,4.0,557,32.7,2015,2020,5 year August,10,2020-21,80.9,1237,Common Core Algebra,54,55.4,43,79.6,2,3.7
Queens,ELL,43.8,4.0,655,39.6,2014,2019,5 year August,10,2019-20,85.8,1072,Common Core Algebra,120,61.9,69,57.5,4,3.3
Queens,ELL,39.7,4.0,578,38.0,2013,2018,5 year August,10,2018-19,86.0,1206,Common Core Algebra,106,56.0,77,72.6,5,4.7
Queens,ELL,38.4,3.6,541,37.0,2012,2017,5 year August,9,2017-18,85.9,1236,Common Core Algebra,118,61.4,66,55.9,9,7.6
Queens,ELL,71.2,19.8,454,18.4,2018,2023,5 year June,10,2023-24,84.5,1773,Common Core Algebra,84,63.8,32,38.1,5,6.0
Queens,ELL,63.2,19.3,521,23.9,2017,2022,5 year June,10,2022-23,85.2,1440,Common Core Algebra,6,43.2,6,100.0,0,0.0
Queens,ELL,49.9,8.0,572,32.2,2016,2021,5 year June,10,2021-22,82.7,1361,Common Core Algebra,6,57.0,4,66.7,0,0.0
Queens,ELL,51.4,3.9,564,33.1,2015,2020,5 year June,10,2020-21,80.9,1237,Common Core Algebra,54,55.4,43,79.6,2,3.7
Queens,ELL,42.6,4.1,659,39.8,2014,2019,5 year June,10,2019-20,85.8,1072,Common Core Algebra,120,61.9,69,57.5,4,3.3
Queens,ELL,38.8,4.1,580,38.2,2013,2018,5 year June,10,2018-19,86.0,1206,Common Core Algebra,106,56.0,77,72.6,5,4.7
Queens,ELL,37.1,3.7,542,37.0,2012,2017,5 year June,9,2017-18,85.9,1236,Common Core Algebra,118,61.4,66,55.9,9,7.6
Queens,ELL,65.0,19.0,564,26.2,2017,2023,6 year June,10,2023-24,84.5,1773,Common Core Algebra,84,63.8,32,38.1,5,6.0
Queens,ELL,52.4,7.7,626,35.4,2016,2022,6 year June,10,2022-23,85.2,1440,Common Core Algebra,6,43.2,6,100.0,0,0.0
Queens,ELL,55.3,3.9,574,33.9,2015,2021,6 year June,10,2021-22,82.7,1361,Common Core Algebra,6,57.0,4,66.7,0,0.0
Queens,ELL,47.8,4.0,654,40.2,2014,2020,6 year June,10,2020-21,80.9,1237,Common Core Algebra,54,55.4,43,79.6,2,3.7
Queens,ELL,42.3,3.9,638,42.4,2013,2019,6 year June,10,2019-20,85.8,1072,Common Core Algebra,120,61.9,69,57.5,4,3.3
Queens,ELL,40.1,3.5,584,41.3,2012,2018,6 year June,10,2018-19,86.0,1206,Common Core Algebra,106,56.0,77,72.6,5,4.7
Staten Island,ELL,60.0,5.8,46,17.7,2019,2023,4 year August,10,2023-24,87.3,156,Common Core Algebra,110,61.0,58,52.7,17,15.5
Staten Island,ELL,63.7,17.6,48,16.3,2018,2022,4 year August,10,2022-23,86.8,154,Common Core Algebra,61,55.5,44,72.1,3,4.9
Staten Island,ELL,41.1,10.8,39,24.7,2016,2020,4 year August,10,2020-21,75.1,144,Common Core Algebra,24,58.5,13,54.2,3,12.5
Staten Island,ELL,30.8,0.0,34,25.6,2015,2019,4 year August,10,2019-20,87.3,97,Common Core Algebra,78,61.2,45,57.7,7,9.0
Staten Island,ELL,20.0,0.0,30,27.3,2014,2018,4 year August,10,2018-19,87.3,102,Common Core Algebra,71,62.2,39,54.9,11,15.5
Staten Island,ELL,29.8,0.0,28,29.8,2013,2017,4 year August,9,2017-18,85.5,126,Common Core Algebra,88,61.7,50,56.8,11,12.5
Staten Island,ELL,23.5,4.2,33,32.4,2012,2016,4 year August,9,2016-17,85.5,119,Common Core Algebra,91,60.9,52,57.1,6,6.6
Staten Island,ELL,56.5,6.1,46,17.7,2019,2023,4 year June,10,2023-24,87.3,156,Common Core Algebra,110,61.0,58,52.7,17,15.5
Staten Island,ELL,62.0,18.0,48,16.3,2018,2022,4 year June,10,2022-23,86.8,154,Common Core Algebra,61,55.5,44,72.1,3,4.9
Staten Island,ELL,38.6,11.5,39,24.7,2016,2020,4 year June,10,2020-21,75.1,144,Common Core Algebra,24,58.5,13,54.2,3,12.5
Staten Island,ELL,24.8,0.0,34,25.6,2015,2019,4 year June,10,2019-20,87.3,97,Common Core Algebra,78,61.2,45,57.7,7,9.0
Staten Island,ELL,14.5,0.0,30,27.3,2014,2018,4 year June,10,2018-19,87.3,102,Common Core Algebra,71,62.2,39,54.9,11,15.5
Staten Island,ELL,28.7,0.0,28,29.8,2013,2017,4 year June,9,2017-18,85.5,126,Common Core Algebra,88,61.7,50,56.8,11,12.5
Staten Island,ELL,21.6,4.5,33,32.4,2012,2016,4 year June,9,2016-17,85.5,119,Common Core Algebra,91,60.9,52,57.1,6,6.6
Staten Island,ELL,68.2,16.6,56,19.2,2018,2023,5 year August,10,2023-24,87.3,156,Common Core Algebra,110,61.0,58,52.7,17,15.5
Staten Island,ELL,60.3,14.9,45,23.8,2017,2022,5 year August,10,2022-23,86.8,154,Common Core Algebra,61,55.5,44,72.1,3,4.9
Staten Island,ELL,43.5,0.0,43,34.7,2015,2020,5 year August,10,2020-21,75.1,144,Common Core Algebra,24,58.5,13,54.2,3,12.5
Staten Island,ELL,30.8,0.0,45,43.3,2014,2019,5 year August,10,2019-20,87.3,97,Common Core Algebra,78,61.2,45,57.7,7,9.0
Staten Island,ELL,38.0,0.0,35,38.0,2013,2018,5 year August,10,2018-19,87.3,102,Common Core Algebra,71,62.2,39,54.9,11,15.5
Staten Island,ELL,33.7,2.9,39,38.6,2012,2017,5 year August,9,2017-18,85.5,126,Common Core Algebra,88,61.7,50,56.8,11,12.5
Staten Island,ELL,67.8,16.7,56,19.2,2018,2023,5 year June,10,2023-24,87.3,156,Common Core Algebra,110,61.0,58,52.7,17,15.5
Staten Island,ELL,59.8,15.0,45,23.8,2017,2022,5 year June,10,2022-23,86.8,154,Common Core Algebra,61,55.5,44,72.1,3,4.9
Staten Island,ELL,42.7,0.0,43,34.7,2015,2020,5 year June,10,2020-21,75.1,144,Common Core Algebra,24,58.5,13,54.2,3,12.5
Staten Island,ELL,24.0,0.0,45,43.3,2014,2019,5 year June,10,2019-20,87.3,97,Common Core Algebra,78,61.2,45,57.7,7,9.0
Staten Island,ELL,35.9,0.0,35,38.0,2013,2018,5 year June,10,2018-19,87.3,102,Common Core Algebra,71,62.2,39,54.9,11,15.5
Staten Island,ELL,33.7,2.9,39,38.6,2012,2017,5 year June,9,2017-18,85.5,126,Common Core Algebra,88,61.7,50,56.8,11,12.5
Staten Island,ELL,63.6,14.3,48,25.7,2017,2023,6 year June,10,2023-24,87.3,156,Common Core Algebra,110,61.0,58,52.7,17,15.5
Staten Island,ELL,49.7,9.2,56,36.6,2016,2022,6 year June,10,2022-23,86.8,154,Common Core Algebra,61,55.5,44,72.1,3,4.9
Staten Island,ELL,33.0,0.0,46,44.7,2014,2020,6 year June,10,2020-21,75.1,144,Common Core Algebra,24,58.5,13,54.2,3,12.5
Staten Island,ELL,41.1,0.0,35,38.9,2013,2019,6 year June,10,2019-20,87.3,97,Common Core Algebra,78,61.2,45,57.7,7,9.0
Staten Island,ELL,36.0,2.8,41,41.0,2012,2018,6 year June,10,2018-19,87.3,102,Common Core Algebra,71,62.2,39,54.9,11,15.5
Bronx,SWD,59.9,3.7,344,11.3,2019,2023,4 year August,10,2023-24,80.7,1888,Common Core Algebra,33,48.5,29,87.9,0,0.0
Bronx,SWD,58.2,8.7,358,11.6,2018,2022,4 year August,10,2022-23,80.2,1964,Common Core Algebra,36,45.8,32,88.9,0,0.0
Bronx,SWD,54.1,8.1,407,12.4,2017,2021,4 year August,10,2021-22,76.3,2230,Common Core Algebra,22,46.9,21,95.5,0,0.0
Bronx,SWD,50.7,5.0,412,13.4,2016,2020,4 year August,10,2020-21,78.5,1911,Common Core Algebra,29,49.1,28,96.6,0,0.0
Bronx,SWD,45.3,2.0,643,19.2,2015,2019,4 year August,10,2019-20,81.0,1748,Common Core Algebra,65,51.0,54,83.1,0,0.0
Bronx,SWD,43.1,1.4,599,18.6,2014,2018,4 year August,10,2018-19,79.5,1995,Common Core Algebra,59,51.8,56,94.9,0,0.0
Bronx,SWD,39.7,3.4,583,18.7,2013,2017,4 year August,9,2017-18,77.8,2234,Common Core Algebra,58,52.9,44,75.9,0,0.0
Bronx,SWD,39.8,1.4,557,18.5,2012,2016,4 year August,9,2016-17,77.7,2343,Common Core Algebra,47,54.5,42,89.4,0,0.0
Bronx,SWD,57.6,3.8,349,11.5,2019,2023,4 year June,10,2023-24,80.7,1888,Common Core Algebra,33,48.5,29,87.9,0,0.0
Bronx,SWD,56.2,9.0,359,11.7,2018,2022,4 year June,10,2022-23,80.2,1964,Common Core Algebra,36,45.8,32,88.9,0,0.0
Bronx,SWD,51.0,8.6,409,12.4,2017,2021,4 year June,10,2021-22,76.3,2230,Common Core Algebra,22,46.9,21,95.5,0,0.0
Bronx,SWD,48.7,5.2,415,13.5,2016,2020,4 year June,10,2020-21,78.5,1911,Common Core Algebra,29,49.1,28,96.6,0,0.0
Bronx,SWD,41.8,2.1,648,19.4,2015,2019,4 year June,10,2019-20,81.0,1748,Common Core Algebra,65,51.0,54,83.1,0,0.0
Bronx,SWD,39.2,1.6,599,18.6,2014,2018,4 year June,10,2018-19,79.5,1995,Common Core Algebra,59,51.8,56,94.9,0,0.0
Bronx,SWD,36.5,3.7,583,18.7,2013,2017,4 year June,9,2017-18,77.8,2234,Common Core Algebra,58,52.9,44,75.9,0,0.0
Bronx,SWD,36.9,1.5,557,18.5,2012,2016,4 year June,9,2016-17,77.7,2343,Common Core Algebra,47,54.5,42,89.4,0,0.0
Bronx,SWD,64.5,8.1,477,15.9,2018,2023,5 year August,10,2023-24,80.7,1888,Common Core Algebra,33,48.5,29,87.9,0,0.0
Bronx,SWD,59.7,7.6,563,17.7,2017,2022,5 year August,10,2022-23,80.2,1964,Common Core Algebra,36,45.8,32,88.9,0,0.0
Bronx,SWD,58.4,4.5,584,19.2,2016,2021,5 year August,10,2021-22,76.3,2230,Common Core Algebra,22,46.9,21,95.5,0,0.0
Bronx,SWD,52.4,1.7,786,23.8,2015,2020,5 year August,10,2020-21,78.5,1911,Common Core Algebra,29,49.1,28,96.6,0,0.0
Bronx,SWD,49.2,1.3,891,27.9,2014,2019,5 year August,10,2019-20,81.0,1748,Common Core Algebra,65,51.0,54,83.1,0,0.0
Bronx,SWD,46.7,2.9,804,25.8,2013,2018,5 year August,10,2018-19,79.5,1995,Common Core Algebra,59,51.8,56,94.9,0,0.0
Bronx,SWD,45.2,1.2,752,24.8,2012,2017,5 year August,9,2017-18,77.8,2234,Common Core Algebra,58,52.9,44,75.9,0,0.0
Bronx,SWD,64.1,8.1,478,15.9,2018,2023,5 year June,10,2023-24,80.7,1888,Common Core Algebra,33,48.5,29,87.9,0,0.0
Bronx,SWD,59.3,7.7,570,17.9,2017,2022,5 year June,10,2022-23,80.2,1964,Common Core Algebra,36,45.8,32,88.9,0,0.0
Bronx,SWD,57.8,4.6,586,19.3,2016,2021,5 year June,10,2021-22,76.3,2230,Common Core Algebra,22,46.9,21,95.5,0,0.0
Bronx,SWD,51.7,1.8,795,24.1,2015,2020,5 year June,10,2020-21,78.5,1911,Common Core Algebra,29,49.1,28,96.6,0,0.0
Bronx,SWD,48.5,1.3,897,28.1,2014,2019,5 year June,10,2019-20,81.0,1748,Common Core Algebra,65,51.0,54,83.1,0,0.0
Bronx,SWD,45.9,2.9,804,25.8,2013,2018,5 year June,10,2018-19,79.5,1995,Common Core Algebra,59,51.8,56,94.9,0,0.0
Bronx,SWD,44.3,1.3,752,24.8,2012,2017,5 year June,9,2017-18,77.8,2234,Common Core Algebra,58,52.9,44,75.9,0,0.0
Bronx,SWD,62.1,7.4,581,18.5,2017,2023,6 year June,10,2023-24,80.7,1888,Common Core Algebra,33,48.5,29,87.9,0,0.0
Bronx,SWD,60.8,4.4,662,22.1,2016,2022,6 year June,10,2022-23,80.2,1964,Common Core Algebra,36,45.8,32,88.9,0,0.0
Bronx,SWD,55.3,1.7,812,24.7,2015,2021,6 year June,10,2021-22,76.3,2230,Common Core Algebra,22,46.9,21,95.5,0,0.0
Bronx,SWD,51.9,1.3,902,28.4,2014,2020,6 year June,10,2020-21,78.5,1911,Common Core Algebra,29,49.1,28,96.6,0,0.0
Bronx,SWD,49.8,2.7,903,29.3,2013,2019,6 year June,10,2019-20,81.0,1748,Common Core Algebra,65,51.0,54,83.1,0,0.0
Bronx,SWD,48.4,1.2,829,27.5,2012,2018,6 year June,10,2018-19,79.5,1995,Common Core Algebra,59,51.8,56,94.9,0,0.0
Brooklyn,SWD,63.7,6.2,307,8.1,2019,2023,4 year August,10,2023-24,80.6,2330,Common Core Algebra,6,51.0,5,83.3,0,0.0
Brooklyn,SWD,62.2,10.3,276,7.3,2018,2022,4 year August,10,2022-23,79.7,2495,Common Core Algebra,8,42.9,7,87.5,0,0.0
Brooklyn,SWD,59.9,12.0,247,6.3,2017,2021,4 year August,10,2021-22,76.9,2702,Common Core Algebra,18,50.0,13,72.2,0,0.0
Brooklyn,SWD,55.1,8.4,297,8.1,2016,2020,4 year August,10,2020-21,74.9,2634,Common Core Algebra,15,50.5,15,100.0,0,0.0
Brooklyn,SWD,52.7,2.5,436,11.5,2015,2019,4 year August,10,2019-20,81.5,2174,Common Core Algebra,27,49.3,26,96.3,0,0.0
Brooklyn,SWD,50.5,3.4,445,11.8,2014,2018,4 year August,10,2018-19,80.5,2264,Common Core Algebra,28,52.5,24,85.7,0,0.0
Brooklyn,SWD,46.7,2.8,455,12.7,2013,2017,4 year August,9,2017-18,80.6,2142,Common Core Algebra,36,51.4,33,91.7,0,0.0
Brooklyn,SWD,44.6,2.9,471,12.8,2012,2016,4 year August,9,2016-17,81.6,2040,Common Core Algebra,39,54.5,32,82.1,0,0.0
Brooklyn,SWD,59.6,6.6,309,8.1,2019,2023,4 year June,10,2023-24,80.6,2330,Common Core Algebra,6,51.0,5,83.3,0,0.0
Brooklyn,SWD,58.7,10.8,281,7.4,2018,2022,4 year June,10,2022-23,79.7,2495,Common Core Algebra,8,42.9,7,87.5,0,0.0
Brooklyn,SWD,56.4,12.7,249,6.4,2017,2021,4 year June,10,2021-22,76.9,2702,Common Core Algebra,18,50.0,13,72.2,0,0.0
Brooklyn,SWD,52.3,8.7,299,8.1,2016,2020,4 year June,10,2020-21,74.9,2634,Common Core Algebra,15,50.5,15,100.0,0,0.0
Brooklyn,SWD,48.9,2.7,441,11.7,2015,2019,4 year June,10,2019-20,81.5,2174,Common Core Algebra,27,49.3,26,96.3,0,0.0
Brooklyn,SWD,46.8,3.6,445,11.8,2014,2018,4 year June,10,2018-19,80.5,2264,Common Core Algebra,28,52.5,24,85.7,0,0.0
Brooklyn,SWD,42.8,2.9,455,12.7,2013,2017,4 year June,9,2017-18,80.6,2142,Common Core Algebra,36,51.4,33,91.7,0,0.0
Brooklyn,SWD,40.8,3.2,471,12.8,2012,2016,4 year June,9,2016-17,81.6,2040,Common Core Algebra,39,54.5,32,82.1,0,0.0
Brooklyn,SWD,69.2,9.5,439,11.8,2018,2023,5 year August,10,2023-24,80.6,2330,Common Core Algebra,6,51.0,5,83.3,0,0.0
Brooklyn,SWD,66.6,11.8,422,11.7,2017,2022,5 year August,10,2022-23,79.7,2495,Common Core Algebra,8,42.9,7,87.5,0,0.0
Brooklyn,SWD,63.3,7.6,447,12.2,2016,2021,5 year August,10,2021-22,76.9,2702,Common Core Algebra,18,50.0,13,72.2,0,0.0
Brooklyn,SWD,60.1,2.2,552,14.7,2015,2020,5 year August,10,2020-21,74.9,2634,Common Core Algebra,15,50.5,15,100.0,0,0.0
Brooklyn,SWD,57.8,2.9,688,18.4,2014,2019,5 year August,10,2019-20,81.5,2174,Common Core Algebra,27,49.3,26,96.3,0,0.0
Brooklyn,SWD,55.4,2.5,635,17.9,2013,2018,5 year August,10,2018-19,80.5,2264,Common Core Algebra,28,52.5,24,85.7,0,0.0
Brooklyn,SWD,52.0,2.5,675,18.2,2012,2017,5 year August,9,2017-18,80.6,2142,Common Core Algebra,36,51.4,33,91.7,0,0.0
Brooklyn,SWD,68.3,9.6,447,12.0,2018,2023,5 year June,10,2023-24,80.6,2330,Common Core Algebra,6,51.0,5,83.3,0,0.0
Brooklyn,SWD,65.9,11.9,425,11.8,2017,2022,5 year June,10,2022-23,79.7,2495,Common Core Algebra,8,42.9,7,87.5,0,0.0
Brooklyn,SWD,62.2,7.8,450,12.3,2016,2021,5 year June,10,2021-22,76.9,2702,Common Core Algebra,18,50.0,13,72.2,0,0.0
Brooklyn,SWD,59.2,2.2,559,14.9,2015,2020,5 year June,10,2020-21,74.9,2634,Common Core Algebra,15,50.5,15,100.0,0,0.0
Brooklyn,SWD,56.4,3.0,698,18.6,2014,2019,5 year June,10,2019-20,81.5,2174,Common Core Algebra,27,49.3,26,96.3,0,0.0
Brooklyn,SWD,54.3,2.5,636,18.0,2013,2018,5 year June,10,2018-19,80.5,2264,Common Core Algebra,28,52.5,24,85.7,0,0.0
Brooklyn,SWD,50.6,2.6,675,18.2,2012,2017,5 year June,9,2017-18,80.6,2142,Common Core Algebra,36,51.4,33,91.7,0,0.0
Brooklyn,SWD,68.5,11.5,524,14.7,2017,2023,6 year June,10,2023-24,80.6,2330,Common Core Algebra,6,51.0,5,83.3,0,0.0
Brooklyn,SWD,66.5,7.4,553,15.3,2016,2022,6 year June,10,2022-23,79.7,2495,Common Core Algebra,8,42.9,7,87.5,0,0.0
Brooklyn,SWD,63.5,2.1,612,16.4,2015,2021,6 year June,10,2021-22,76.9,2702,Common Core Algebra,18,50.0,13,72.2,0,0.0
Brooklyn,SWD,60.8,2.8,717,19.3,2014,2020,6 year June,10,2020-21,74.9,2634,Common Core Algebra,15,50.5,15,100.0,0,0.0
Brooklyn,SWD,59.4,2.3,719,20.4,2013,2019,6 year June,10,2019-20,81.5,2174,Common Core Algebra,27,49.3,26,96.3,0,0.0
Brooklyn,SWD,55.3,2.4,740,20.1,2012,2018,6 year June,10,2018-19,80.5,2264,Common Core Algebra,28,52.5,24,85.7,0,0.0
Manhattan,SWD,68.8,10.0,203,7.2,2019,2023,4 year August,10,2023-24,80.3,1683,Common Core Algebra,19,55.4,15,78.9,0,0.0
Manhattan,SWD,66.7,18.5,184,6.7,2018,2022,4 year August,10,2022-23,80.5,1692,Common Core Algebra,21,47.6,20,95.2,0,0.0
Manhattan,SWD,65.2,17.8,202,7.2,2017,2021,4 year August,10,2021-22,77.9,1812,Common Core Algebra,11,48.6,10,90.9,0,0.0
Manhattan,SWD,58.3,12.8,209,7.5,2016,2020,4 year August,10,2020-21,77.5,1664,Common Core Algebra,13,57.8,9,69.2,0,0.0
Manhattan,SWD,55.6,5.6,291,11.4,2015,2019,4 year August,10,2019-20,82.6,1372,Common Core Algebra,30,63.4,15,50.0,3,10.0
Manhattan,SWD,52.1,5.0,291,11.1,2014,2018,4 year August,10,2018-19,83.0,1377,Common Core Algebra,9,59.9,4,44.4,0,0.0
Manhattan,SWD,48.8,5.2,312,12.4,2013,2017,4 year August,9,2017-18,83.6,1382,Common Core Algebra,14,63.5,6,42.9,0,0.0
Manhattan,SWD,47.2,4.7,328,13.4,2012,2016,4 year August,9,2016-17,83.4,1360,Common Core Algebra,20,59.5,13,65.0,0,0.0
Manhattan,SWD,65.8,10.4,206,7.3,2019,2023,4 year June,10,2023-24,80.3,1683,Common Core Algebra,19,55.4,15,78.9,0,0.0
Manhattan,SWD,63.8,19.3,185,6.8,2018,2022,4 year June,10,2022-23,80.5,1692,Common Core Algebra,21,47.6,20,95.2,0,0.0
Manhattan,SWD,61.9,18.6,202,7.2,2017,2021,4 year June,10,2021-22,77.9,1812,Common Core Algebra,11,48.6,10,90.9,0,0.0
Manhattan,SWD,56.0,13.3,211,7.6,2016,2020,4 year June,10,2020-21,77.5,1664,Common Core Algebra,13,57.8,9,69.2,0,0.0
Manhattan,SWD,52.0,5.9,292,11.4,2015,2019,4 year June,10,2019-20,82.6,1372,Common Core Algebra,30,63.4,15,50.0,3,10.0
Manhattan,SWD,49.2,5.1,291,11.1,2014,2018,4 year June,10,2018-19,83.0,1377,Common Core Algebra,9,59.9,4,44.4,0,0.0
Manhattan,SWD,45.3,5.3,312,12.4,2013,2017,4 year June,9,2017-18,83.6,1382,Common Core Algebra,14,63.5,6,42.9,0,0.0
Manhattan,SWD,43.6,5.0,328,13.4,2012,2016,4 year June,9,2016-17,83.4,1360,Common Core Algebra,20,59.5,13,65.0,0,0.0
Manhattan,SWD,72.2,17.4,275,10.2,2018,2023,5 year August,10,2023-24,80.3,1683,Common Core Algebra,19,55.4,15,78.9,0,0.0
Manhattan,SWD,70.0,17.0,341,12.5,2017,2022,5 year August,10,2022-23,80.5,1692,Common Core Algebra,21,47.6,20,95.2,0,0.0
Manhattan,SWD,66.9,11.4,345,12.5,2016,2021,5 year August,10,2021-22,77.9,1812,Common Core Algebra,11,48.6,10,90.9,0,0.0
Manhattan,SWD,62.2,4.9,364,14.0,2015,2020,5 year August,10,2020-21,77.5,1664,Common Core Algebra,13,57.8,9,69.2,0,0.0
Manhattan,SWD,59.6,4.3,454,17.2,2014,2019,5 year August,10,2019-20,82.6,1372,Common Core Algebra,30,63.4,15,50.0,3,10.0
Manhattan,SWD,55.4,4.6,474,18.6,2013,2018,5 year August,10,2018-19,83.0,1377,Common Core Algebra,9,59.9,4,44.4,0,0.0
Manhattan,SWD,53.7,4.1,469,19.0,2012,2017,5 year August,9,2017-18,83.6,1382,Common Core Algebra,14,63.5,6,42.9,0,0.0
Manhattan,SWD,71.6,17.6,280,10.4,2018,2023,5 year June,10,2023-24,80.3,1683,Common Core Algebra,19,55.4,15,78.9,0,0.0
Manhattan,SWD,69.2,17.2,343,12.6,2017,2022,5 year June,10,2022-23,80.5,1692,Common Core Algebra,21,47.6,20,95.2,0,0.0
Manhattan,SWD,65.9,11.6,346,12.5,2016,2021,5 year June,10,2021-22,77.9,1812,Common Core Algebra,11,48.6,10,90.9,0,0.0
Manhattan,SWD,61.6,4.9,372,14.3,2015,2020,5 year June,10,2020-21,77.5,1664,Common Core Algebra,13,57.8,9,69.2,0,0.0
Manhattan,SWD,58.3,4.4,463,17.6,2014,2019,5 year June,10,2019-20,82.6,1372,Common Core Algebra,30,63.4,15,50.0,3,10.0
Manhattan,SWD,54.3,4.7,474,18.6,2013,2018,5 year June,10,2018-19,83.0,1377,Common Core Algebra,9,59.9,4,44.4,0,0.0
Manhattan,SWD,53.0,4.1,469,19.0,2012,2017,5 year June,9,2017-18,83.6,1382,Common Core Algebra,14,63.5,6,42.9,0,0.0
Manhattan,SWD,71.3,16.7,386,14.2,2017,2023,6 year June,10,2023-24,80.3,1683,Common Core Algebra,19,55.4,15,78.9,0,0.0
Manhattan,SWD,69.4,11.1,438,16.0,2016,2022,6 year June,10,2022-23,80.5,1692,Common Core Algebra,21,47.6,20,95.2,0,0.0
Manhattan,SWD,65.9,4.7,416,16.1,2015,2021,6 year June,10,2021-22,77.9,1812,Common Core Algebra,11,48.6,10,90.9,0,0.0
Manhattan,SWD,63.0,4.1,479,18.2,2014,2020,6 year June,10,2020-21,77.5,1664,Common Core Algebra,13,57.8,9,69.2,0,0.0
Manhattan,SWD,58.9,4.5,553,21.7,2013,2019,6 year June,10,2019-20,82.6,1372,Common Core Algebra,30,63.4,15,50.0,3,10.0
Manhattan,SWD,56.9,3.8,526,21.3,2012,2018,6 year June,10,2018-19,83.0,1377,Common Core Algebra,9,59.9,4,44.4,0,0.0
Queens,SWD,69.4,9.9,154,4.9,2019,2023,4 year August,10,2023-24,83.4,1727,Common Core Algebra,33,63.8,12,36.4,2,6.1
Queens,SWD,68.3,18.4,179,5.4,2018,2022,4 year August,10,2022-23,83.0,1718,Common Core Algebra,16,71.1,4,25.0,5,31.3
Queens,SWD,66.3,23.6,180,5.6,2017,2021,4 year August,10,2021-22,81.3,1837,Common Core English,10,76.9,2,20.0,4,40.0
Queens,SWD,60.0,13.8,243,7.9,2016,2020,4 year August,10,2020-21,81.3,1617,Common Core Algebra,7,51.4,6,85.7,0,0.0
Queens,SWD,55.8,5.0,361,11.7,2015,2019,4 year August,10,2019-20,85.8,1326,Common Core Algebra,6,45.3,6,100.0,0,0.0
Queens,SWD,55.5,4.8,309,10.1,2014,2018,4 year August,10,2018-19,84.2,1424,Common Core Algebra,24,65.8,9,37.5,3,12.5
Queens,SWD,50.2,4.0,329,11.5,2013,2017,4 year August,9,2017-18,84.6,1807,Common Core Algebra,33,73.5,6,18.2,14,42.4
Queens,SWD,48.7,4.1,381,13.3,2012,2016,4 year August,9,2016-17,84.4,1700,Algebra2/Trigonometry,7,54.6,5,71.4,1,14.3
Queens,SWD,65.6,10.5,155,4.9,2019,2023,4 year June,10,2023-24,83.4,1727,Common Core Algebra,33,63.8,12,36.4,2,6.1
Queens,SWD,64.6,19.5,180,5.5,2018,2022,4 year June,10,2022-23,83.0,1718,Common Core Algebra,16,71.1,4,25.0,5,31.3
Queens,SWD,61.6,24.5,180,5.6,2017,2021,4 year June,10,2021-22,81.3,1837,Common Core English,10,76.9,2,20.0,4,40.0
Queens,SWD,58.0,14.2,243,7.9,2016,2020,4 year June,10,2020-21,81.3,1617,Common Core Algebra,7,51.4,6,85.7,0,0.0
Queens,SWD,52.2,5.3,364,11.8,2015,2019,4 year June,10,2019-20,85.8,1326,Common Core Algebra,6,45.3,6,100.0,0,0.0
Queens,SWD,51.9,5.1,309,10.1,2014,2018,4 year June,10,2018-19,84.2,1424,Common Core Algebra,24,65.8,9,37.5,3,12.5
Queens,SWD,47.1,4.2,329,11.5,2013,2017,4 year June,9,2017-18,84.6,1807,Common Core Algebra,33,73.5,6,18.2,14,42.4
Queens,SWD,45.0,4.3,381,13.3,2012,2016,4 year June,9,2016-17,84.4,1700,Algebra2/Trigonometry,7,54.6,5,71.4,1,14.3
Queens,SWD,72.3,17.7,291,9.0,2018,2023,5 year August,10,2023-24,83.4,1727,Common Core Algebra,33,63.8,12,36.4,2,6.1
Queens,SWD,70.8,22.7,294,9.5,2017,2022,5 year August,10,2022-23,83.0,1718,Common Core Algebra,16,71.1,4,25.0,5,31.3
Queens,SWD,66.5,13.0,348,11.4,2016,2021,5 year August,10,2021-22,81.3,1837,Common Core English,10,76.9,2,20.0,4,40.0
Queens,SWD,62.0,4.6,473,15.3,2015,2020,5 year August,10,2020-21,81.3,1617,Common Core Algebra,7,51.4,6,85.7,0,0.0
Queens,SWD,60.2,4.3,522,17.2,2014,2019,5 year August,10,2019-20,85.8,1326,Common Core Algebra,6,45.3,6,100.0,0,0.0
Queens,SWD,56.9,3.6,464,16.3,2013,2018,5 year August,10,2018-19,84.2,1424,Common Core Algebra,24,65.8,9,37.5,3,12.5
Queens,SWD,53.3,3.7,491,17.1,2012,2017,5 year August,9,2017-18,84.6,1807,Common Core Algebra,33,73.5,6,18.2,14,42.4
Queens,SWD,71.8,17.8,297,9.2,2018,2023,5 year June,10,2023-24,83.4,1727,Common Core Algebra,33,63.8,12,36.4,2,6.1
Queens,SWD,70.2,22.9,300,9.7,2017,2022,5 year June,10,2022-23,83.0,1718,Common Core Algebra,16,71.1,4,25.0,5,31.3
Queens,SWD,65.7,13.1,350,11.5,2016,2021,5 year June,10,2021-22,81.3,1837,Common Core English,10,76.9,2,20.0,4,40.0
Queens,SWD,61.2,4.7,478,15.5,2015,2020,5 year June,10,2020-21,81.3,1617,Common Core Algebra,7,51.4,6,85.7,0,0.0
Queens,SWD,59.4,4.3,531,17.5,2014,2019,5 year June,10,2019-20,85.8,1326,Common Core Algebra,6,45.3,6,100.0,0,0.0
Queens,SWD,55.6,3.7,465,16.4,2013,2018,5 year June,10,2018-19,84.2,1424,Common Core Algebra,24,65.8,9,37.5,3,12.5
Queens,SWD,52.4,3.7,492,17.1,2012,2017,5 year June,9,2017-18,84.6,1807,Common Core Algebra,33,73.5,6,18.2,14,42.4
Queens,SWD,72.1,22.5,340,11.1,2017,2023,6 year June,10,2023-24,83.4,1727,Common Core Algebra,33,63.8,12,36.4,2,6.1
Queens,SWD,68.3,12.7,391,12.9,2016,2022,6 year June,10,2022-23,83.0,1718,Common Core Algebra,16,71.1,4,25.0,5,31.3
Queens,SWD,64.3,4.5,502,16.4,2015,2021,6 year June,10,2021-22,81.3,1837,Common Core English,10,76.9,2,20.0,4,40.0
Queens,SWD,62.7,4.1,524,17.4,2014,2020,6 year June,10,2020-21,81.3,1617,Common Core Algebra,7,51.4,6,85.7,0,0.0
Queens,SWD,59.1,3.6,529,18.8,2013,2019,6 year June,10,2019-20,85.8,1326,Common Core Algebra,6,45.3,6,100.0,0,0.0
Queens,SWD,56.0,3.5,534,18.8,2012,2018,6 year June,10,2018-19,84.2,1424,Common Core Algebra,24,65.8,9,37.5,3,12.5
Staten Island,SWD,69.0,9.3,74,6.7,2019,2023,4 year August,10,2023-24,84.1,555,Common Core Algebra,34,66.9,11,32.4,7,20.6
Staten Island,SWD,68.7,24.9,76,7.1,2018,2022,4 year August,10,2022-23,84.4,588,Common Core Algebra,31,58.5,21,67.7,5,16.1
Staten Island,SWD,68.8,20.8,71,6.4,2017,2021,4 year August,10,2021-22,80.5,664,Physical Settings/Earth Science,7,50.9,5,71.4,1,14.3
Staten Island,SWD,63.4,9.6,76,7.6,2016,2020,4 year August,10,2020-21,75.9,637,Common Core English,15,84.4,1,6.7,11,73.3
Staten Island,SWD,58.9,3.7,81,8.5,2015,2019,4 year August,10,2019-20,85.1,479,Common Core Algebra,25,76.5,4,16.0,14,56.0
Staten Island,SWD,54.1,4.1,109,11.1,2014,2018,4 year August,10,2018-19,84.0,518,Common Core Algebra,24,68.5,7,29.2,4,16.7
Staten Island,SWD,53.8,4.0,123,12.7,2013,2017,4 year August,9,2017-18,87.1,507,Common Core Algebra,27,72.3,6,22.2,9,33.3
Staten Island,SWD,51.0,4.5,128,13.9,2012,2016,4 year August,9,2016-17,84.4,581,Common Core Algebra,22,71.7,4,18.2,4,18.2
Staten Island,SWD,66.5,9.6,75,6.8,2019,2023,4 year June,10,2023-24,84.1,555,Common Core Algebra,34,66.9,11,32.4,7,20.6
Staten Island,SWD,66.2,25.6,77,7.2,2018,2022,4 year June,10,2022-23,84.4,588,Common Core Algebra,31,58.5,21,67.7,5,16.1
Staten Island,SWD,65.0,21.6,72,6.5,2017,2021,4 year June,10,2021-22,80.5,664,Physical Settings/Earth Science,7,50.9,5,71.4,1,14.3
Staten Island,SWD,61.4,9.7,76,7.6,2016,2020,4 year June,10,2020-21,75.9,637,Common Core English,15,84.4,1,6.7,11,73.3
Staten Island,SWD,56.4,3.9,81,8.5,2015,2019,4 year June,10,2019-20,85.1,479,Common Core Algebra,25,76.5,4,16.0,14,56.0
Staten Island,SWD,51.4,4.3,109,11.1,2014,2018,4 year June,10,2018-19,84.0,518,Common Core Algebra,24,68.5,7,29.2,4,16.7
Staten Island,SWD,51.2,4.3,123,12.7,2013,2017,4 year June,9,2017-18,87.1,507,Common Core Algebra,27,72.3,6,22.2,9,33.3
Staten Island,SWD,47.9,4.8,128,13.9,2012,2016,4 year June,9,2016-17,84.4,581,Common Core Algebra,22,71.7,4,18.2,4,18.2
Staten Island,SWD,72.8,23.6,109,10.3,2018,2023,5 year August,10,2023-24,84.1,555,Common Core Algebra,34,66.9,11,32.4,7,20.6
Staten Island,SWD,74.3,19.8,122,11.3,2017,2022,5 year August,10,2022-23,84.4,588,Common Core Algebra,31,58.5,21,67.7,5,16.1
Staten Island,SWD,70.8,8.6,117,11.7,2016,2021,5 year August,10,2021-22,80.5,664,Physical Settings/Earth Science,7,50.9,5,71.4,1,14.3
Staten Island,SWD,65.5,3.5,108,11.4,2015,2020,5 year August,10,2020-21,75.9,637,Common Core English,15,84.4,1,6.7,11,73.3
Staten Island,SWD,59.7,3.8,172,17.6,2014,2019,5 year August,10,2019-20,85.1,479,Common Core Algebra,25,76.5,4,16.0,14,56.0
Staten Island,SWD,59.6,3.7,161,16.7,2013,2018,5 year August,10,2018-19,84.0,518,Common Core Algebra,24,68.5,7,29.2,4,16.7
Staten Island,SWD,58.1,3.9,166,18.1,2012,2017,5 year August,9,2017-18,87.1,507,Common Core Algebra,27,72.3,6,22.2,9,33.3
Staten Island,SWD,72.2,23.9,109,10.3,2018,2023,5 year June,10,2023-24,84.1,555,Common Core Algebra,34,66.9,11,32.4,7,20.6
Staten Island,SWD,73.9,19.9,122,11.3,2017,2022,5 year June,10,2022-23,84.4,588,Common Core Algebra,31,58.5,21,67.7,5,16.1
Staten Island,SWD,69.8,8.8,117,11.7,2016,2021,5 year June,10,2021-22,80.5,664,Physical Settings/Earth Science,7,50.9,5,71.4,1,14.3
Staten Island,SWD,64.5,3.6,110,11.6,2015,2020,5 year June,10,2020-21,75.9,637,Common Core English,15,84.4,1,6.7,11,73.3
Staten Island,SWD,59.2,3.8,173,17.7,2014,2019,5 year June,10,2019-20,85.1,479,Common Core Algebra,25,76.5,4,16.0,14,56.0
Staten Island,SWD,59.0,3.7,161,16.7,2013,2018,5 year June,10,2018-19,84.0,518,Common Core Algebra,24,68.5,7,29.2,4,16.7
Staten Island,SWD,57.9,4.0,166,18.1,2012,2017,5 year June,9,2017-18,87.1,507,Common Core Algebra,27,72.3,6,22.2,9,33.3
Staten Island,SWD,75.9,19.5,133,12.4,2017,2023,6 year June,10,2023-24,84.1,555,Common Core Algebra,34,66.9,11,32.4,7,20.6
Staten Island,SWD,72.6,8.4,132,13.2,2016,2022,6 year June,10,2022-23,84.4,588,Common Core Algebra,31,58.5,21,67.7,5,16.1
Staten Island,SWD,67.9,3.4,130,13.7,2015,2021,6 year June,10,2021-22,80.5,664,Physical Settings/Earth Science,7,50.9,5,71.4,1,14.3
Staten Island,SWD,62.7,3.6,171,17.5,2014,2020,6 year June,10,2020-21,75.9,637,Common Core English,15,84.4,1,6.7,11,73.3
Staten Island,SWD,61.7,3.5,180,18.8,2013,2019,6 year June,10,2019-20,85.1,479,Common Core Algebra,25,76.5,4,16.0,14,56.0
Staten Island,SWD,60.7,3.8,171,18.6,2012,2018,6 year June,10,2018-19,84.0,518,Common Core Algebra,24,68.5,7,29.2,4,16.7
Bronx,Asian,95.1,64.0,10,1.1,2019,2023,4 year August,10,2023-24,93.9,132,Common Core English,6,84.0,0,0.0,5,83.3
Bronx,Asian,94.3,66.2,20,2.1,2018,2022,4 year August,10,2022-23,92.9,179,Common Core Algebra,6,69.0,2,33.3,1,16.7
Bronx,Asian,93.2,70.3,16,1.6,2017,2021,4 year August,10,2021-22,92.8,185,Common Core English,6,92.3,0,0.0,6,100.0
Bronx,Asian,93.0,68.5,21,2.2,2016,2020,4 year August,10,2020-21,94.2,131,Common Core Algebra,13,55.1,9,69.2,0,0.0
Bronx,Asian,92.4,62.3,25,2.5,2015,2019,4 year August,10,2019-20,94.0,151,Common Core English,7,66.6,3,42.9,2,28.6
Bronx,Asian,89.5,64.9,29,3.0,2014,2018,4 year August,10,2018-19,93.7,180,Common Core English,6,82.7,0,0.0,3,50.0
Bronx,Asian,90.7,66.5,23,2.6,2013,2017,4 year August,9,2017-18,91.4,84,Common Core English,6,61.7,4,66.7,0,0.0
Bronx,Asian,89.3,62.0,31,3.2,2012,2016,4 year August,9,2016-17,91.6,70,Common Core English,7,52.1,4,57.1,0,0.0
Bronx,Asian,93.9,64.6,11,1.2,2019,2023,4 year June,10,2023-24,93.9,132,Common Core English,6,84.0,0,0.0,5,83.3
Bronx,Asian,93.5,66.7,20,2.1,2018,2022,4 year June,10,2022-23,92.9,179,Common Core Algebra,6,69.0,2,33.3,1,16.7
Bronx,Asian,92.0,71.0,16,1.6,2017,2021,4 year June,10,2021-22,92.8,185,Common Core English,6,92.3,0,0.0,6,100.0
Bronx,Asian,92.2,69.2,22,2.3,2016,2020,4 year June,10,2020-21,94.2,131,Common Core Algebra,13,55.1,9,69.2,0,0.0
Bronx,Asian,91.1,63.1,25,2.5,2015,2019,4 year June,10,2019-20,94.0,151,Common Core English,7,66.6,3,42.9,2,28.6
Bronx,Asian,87.7,66.2,29,3.0,2014,2018,4 year June,10,2018-19,93.7,180,Common Core English,6,82.7,0,0.0,3,50.0
Bronx,Asian,89.2,67.6,23,2.6,2013,2017,4 year June,9,2017-18,91.4,84,Common Core English,6,61.7,4,66.7,0,0.0
Bronx,Asian,87.6,63.1,31,3.2,2012,2016,4 year June,9,2016-17,91.6,70,Common Core English,7,52.1,4,57.1,0,0.0
Bronx,Asian,95.5,65.6,23,2.5,2018,2023,5 year August,10,2023-24,93.9,132,Common Core English,6,84.0,0,0.0,5,83.3
Bronx,Asian,94.2,69.7,32,3.2,2017,2022,5 year August,10,2022-23,92.9,179,Common Core Algebra,6,69.0,2,33.3,1,16.7
Bronx,Asian,94.5,67.6,33,3.4,2016,2021,5 year August,10,2021-22,92.8,185,Common Core English,6,92.3,0,0.0,6,100.0
Bronx,Asian,94.9,60.7,33,3.3,2015,2020,5 year August,10,2020-21,94.2,131,Common Core Algebra,13,55.1,9,69.2,0,0.0
Bronx,Asian,91.8,63.6,53,5.5,2014,2019,5 year August,10,2019-20,94.0,151,Common Core English,7,66.6,3,42.9,2,28.6
Bronx,Asian,92.0,65.8,36,4.1,2013,2018,5 year August,10,2018-19,93.7,180,Common Core English,6,82.7,0,0.0,3,50.0
Bronx,Asian,91.6,60.9,40,4.1,2012,2017,5 year August,9,2017-18,91.4,84,Common Core English,6,61.7,4,66.7,0,0.0
Bronx,Asian,95.4,65.7,23,2.5,2018,2023,5 year June,10,2023-24,93.9,132,Common Core English,6,84.0,0,0.0,5,83.3
Bronx,Asian,94.0,69.8,32,3.2,2017,2022,5 year June,10,2022-23,92.9,179,Common Core Algebra,6,69.0,2,33.3,1,16.7
Bronx,Asian,94.2,67.8,33,3.4,2016,2021,5 year June,10,2021-22,92.8,185,Common Core English,6,92.3,0,0.0,6,100.0
Bronx,Asian,94.8,60.7,34,3.4,2015,2020,5 year June,10,2020-21,94.2,131,Common Core Algebra,13,55.1,9,69.2,0,0.0
Bronx,Asian,91.5,63.8,53,5.5,2014,2019,5 year June,10,2019-20,94.0,151,Common Core English,7,66.6,3,42.9,2,28.6
Bronx,Asian,91.8,66.0,36,4.1,2013,2018,5 year June,10,2018-19,93.7,180,Common Core English,6,82.7,0,0.0,3,50.0
Bronx,Asian,91.4,61.0,40,4.1,2012,2017,5 year June,9,2017-18,91.4,84,Common Core English,6,61.7,4,66.7,0,0.0
Bronx,Asian,94.2,69.7,32,3.2,2017,2023,6 year June,10,2023-24,93.9,132,Common Core English,6,84.0,0,0.0,5,83.3
Bronx,Asian,95.1,67.3,35,3.6,2016,2022,6 year June,10,2022-23,92.9,179,Common Core Algebra,6,69.0,2,33.3,1,16.7
Bronx,Asian,95.2,60.4,33,3.3,2015,2021,6 year June,10,2021-22,92.8,185,Common Core English,6,92.3,0,0.0,6,100.0
Bronx,Asian,93.5,62.5,44,4.6,2014,2020,6 year June,10,2020-21,94.2,131,Common Core Algebra,13,55.1,9,69.2,0,0.0
Bronx,Asian,92.5,65.6,38,4.3,2013,2019,6 year June,10,2019-20,94.0,151,Common Core English,7,66.6,3,42.9,2,28.6
Bronx,Asian,92.0,60.6,42,4.3,2012,2018,6 year June,10,2018-19,93.7,180,Common Core English,6,82.7,0,0.0,3,50.0
Bronx,Black,75.9,9.2,254,8.1,2019,2023,4 year August,10,2023-24,85.8,1309,Common Core Algebra,64,57.6,44,68.8,0,0.0
Bronx,Black,77.5,17.9,234,7.2,2018,2022,4 year August,10,2022-23,84.7,1464,Common Core Algebra,58,58.2,40,69.0,2,3.4
Bronx,Black,75.2,20.5,287,8.2,2017,2021,4 year August,10,2021-22,81.8,1728,Common Core English,8,46.8,6,75.0,1,12.5
Bronx,Black,73.2,14.7,300,8.6,2016,2020,4 year August,10,2020-21,82.0,1576,Common Core Algebra,32,56.3,26,81.3,0,0.0
Bronx,Black,68.7,7.7,448,12.3,2015,2019,4 year August,10,2019-20,85.8,1388,Common Core Algebra,90,59.0,53,58.9,1,1.1
Bronx,Black,67.9,8.5,394,10.5,2014,2018,4 year August,10,2018-19,84.5,1588,Common Core Algebra,89,57.1,62,69.7,0,0.0
Bronx,Black,66.0,8.2,389,10.1,2013,2017,4 year August,9,2017-18,84.0,1655,Common Core Algebra,96,61.3,50,52.1,1,1.0
Bronx,Black,65.1,8.1,467,11.8,2012,2016,4 year August,9,2016-17,83.7,1713,Common Core Algebra,91,58.4,63,69.2,2,2.2
Bronx,Black,73.2,9.5,258,8.2,2019,2023,4 year June,10,2023-24,85.8,1309,Common Core Algebra,64,57.6,44,68.8,0,0.0
Bronx,Black,75.7,18.3,235,7.2,2018,2022,4 year June,10,2022-23,84.7,1464,Common Core Algebra,58,58.2,40,69.0,2,3.4
Bronx,Black,72.4,21.2,287,8.2,2017,2021,4 year June,10,2021-22,81.8,1728,Common Core English,8,46.8,6,75.0,1,12.5
Bronx,Black,71.6,15.0,306,8.8,2016,2020,4 year June,10,2020-21,82.0,1576,Common Core Algebra,32,56.3,26,81.3,0,0.0
Bronx,Black,64.8,8.1,450,12.4,2015,2019,4 year June,10,2019-20,85.8,1388,Common Core Algebra,90,59.0,53,58.9,1,1.1
Bronx,Black,64.0,9.0,394,10.5,2014,2018,4 year June,10,2018-19,84.5,1588,Common Core Algebra,89,57.1,62,69.7,0,0.0
Bronx,Black,62.6,8.5,389,10.1,2013,2017,4 year June,9,2017-18,84.0,1655,Common Core Algebra,96,61.3,50,52.1,1,1.0
Bronx,Black,62.6,8.4,467,11.8,2012,2016,4 year June,9,2016-17,83.7,1713,Common Core Algebra,91,58.4,63,69.2,2,2.2
Bronx,Black,81.1,17.3,305,9.5,2018,2023,5 year August,10,2023-24,85.8,1309,Common Core Algebra,64,57.6,44,68.8,0,0.0
Bronx,Black,78.9,19.7,407,11.8,2017,2022,5 year August,10,2022-23,84.7,1464,Common Core Algebra,58,58.2,40,69.0,2,3.4
Bronx,Black,78.3,13.9,420,12.1,2016,2021,5 year August,10,2021-22,81.8,1728,Common Core English,8,46.8,6,75.0,1,12.5
Bronx,Black,74.5,7.2,545,15.1,2015,2020,5 year August,10,2020-21,82.0,1576,Common Core Algebra,32,56.3,26,81.3,0,0.0
Bronx,Black,73.9,7.9,617,16.7,2014,2019,5 year August,10,2019-20,85.8,1388,Common Core Algebra,90,59.0,53,58.9,1,1.1
Bronx,Black,72.3,7.5,574,15.1,2013,2018,5 year August,10,2018-19,84.5,1588,Common Core Algebra,89,57.1,62,69.7,0,0.0
Bronx,Black,70.4,7.5,652,16.5,2012,2017,5 year August,9,2017-18,84.0,1655,Common Core Algebra,96,61.3,50,52.1,1,1.0
Bronx,Black,80.8,17.4,306,9.5,2018,2023,5 year June,10,2023-24,85.8,1309,Common Core Algebra,64,57.6,44,68.8,0,0.0
Bronx,Black,78.7,19.8,411,11.9,2017,2022,5 year June,10,2022-23,84.7,1464,Common Core Algebra,58,58.2,40,69.0,2,3.4
Bronx,Black,77.8,14.0,421,12.2,2016,2021,5 year June,10,2021-22,81.8,1728,Common Core English,8,46.8,6,75.0,1,12.5
Bronx,Black,73.9,7.2,553,15.3,2015,2020,5 year June,10,2020-21,82.0,1576,Common Core Algebra,32,56.3,26,81.3,0,0.0
Bronx,Black,73.3,8.0,622,16.8,2014,2019,5 year June,10,2019-20,85.8,1388,Common Core Algebra,90,59.0,53,58.9,1,1.1
Bronx,Black,71.5,7.6,574,15.1,2013,2018,5 year June,10,2018-19,84.5,1588,Common Core Algebra,89,57.1,62,69.7,0,0.0
Bronx,Black,69.7,7.6,653,16.5,2012,2017,5 year June,9,2017-18,84.0,1655,Common Core Algebra,96,61.3,50,52.1,1,1.0
Bronx,Black,80.5,19.5,421,12.3,2017,2023,6 year June,10,2023-24,85.8,1309,Common Core Algebra,64,57.6,44,68.8,0,0.0
Bronx,Black,79.9,13.7,479,13.9,2016,2022,6 year June,10,2022-23,84.7,1464,Common Core Algebra,58,58.2,40,69.0,2,3.4
Bronx,Black,76.4,7.0,561,15.6,2015,2021,6 year June,10,2021-22,81.8,1728,Common Core English,8,46.8,6,75.0,1,12.5
Bronx,Black,76.0,7.8,617,16.7,2014,2020,6 year June,10,2020-21,82.0,1576,Common Core Algebra,32,56.3,26,81.3,0,0.0
Bronx,Black,74.6,7.4,643,17.0,2013,2019,6 year June,10,2019-20,85.8,1388,Common Core Algebra,90,59.0,53,58.9,1,1.1
Bronx,Black,73.1,7.3,711,18.0,2012,2018,6 year June,10,2018-19,84.5,1588,Common Core Algebra,89,57.1,62,69.7,0,0.0
Bronx,Hispanic,78.8,12.8,638,8.7,2019,2023,4 year August,10,2023-24,84.4,3715,Common Core Algebra,119,59.6,65,54.6,1,0.8
Bronx,Hispanic,77.8,20.2,682,9.2,2018,2022,4 year August,10,2022-23,83.8,3986,Common Core Algebra,126,54.5,92,73.0,2,1.6
Bronx,Hispanic,76.2,22.3,655,8.4,2017,2021,4 year August,10,2021-22,81.3,4292,Common Core Algebra,29,50.9,25,86.2,0,0.0
Bronx,Hispanic,71.4,16.9,879,11.0,2016,2020,4 year August,10,2020-21,81.9,4079,Common Core Algebra,64,52.2,50,78.1,0,0.0
Bronx,Hispanic,67.5,9.0,1194,14.3,2015,2019,4 year August,10,2019-20,84.8,3666,Common Core Algebra,147,58.2,94,63.9,2,1.4
Bronx,Hispanic,63.6,9.4,1189,14.3,2014,2018,4 year August,10,2018-19,83.3,4174,Common Core Algebra,137,57.8,96,70.1,0,0.0
Bronx,Hispanic,63.1,10.0,1112,13.7,2013,2017,4 year August,9,2017-18,82.6,4379,Common Core Algebra,138,58.6,85,61.6,2,1.4
Bronx,Hispanic,61.0,8.8,1170,14.5,2012,2016,4 year August,9,2016-17,82.6,4280,Algebra2/Trigonometry,8,33.0,8,100.0,0,0.0
Bronx,Hispanic,76.4,13.2,648,8.8,2019,2023,4 year June,10,2023-24,84.4,3715,Common Core Algebra,119,59.6,65,54.6,1,0.8
Bronx,Hispanic,75.8,20.7,683,9.2,2018,2022,4 year June,10,2022-23,83.8,3986,Common Core Algebra,126,54.5,92,73.0,2,1.6
Bronx,Hispanic,73.2,23.0,659,8.4,2017,2021,4 year June,10,2021-22,81.3,4292,Common Core Algebra,29,50.9,25,86.2,0,0.0
Bronx,Hispanic,69.4,17.3,885,11.1,2016,2020,4 year June,10,2020-21,81.9,4079,Common Core Algebra,64,52.2,50,78.1,0,0.0
Bronx,Hispanic,63.0,9.6,1208,14.5,2015,2019,4 year June,10,2019-20,84.8,3666,Common Core Algebra,147,58.2,94,63.9,2,1.4
Bronx,Hispanic,59.4,10.0,1189,14.3,2014,2018,4 year June,10,2018-19,83.3,4174,Common Core Algebra,137,57.8,96,70.1,0,0.0
Bronx,Hispanic,59.4,10.5,1112,13.7,2013,2017,4 year June,9,2017-18,82.6,4379,Common Core Algebra,138,58.6,85,61.6,2,1.4
Bronx,Hispanic,57.7,9.3,1170,14.5,2012,2016,4 year June,9,2016-17,82.6,4280,Algebra2/Trigonometry,8,33.0,8,100.0,0,0.0
Bronx,Hispanic,81.6,19.5,890,12.1,2018,2023,5 year August,10,2023-24,84.4,3715,Common Core Algebra,119,59.6,65,54.6,1,0.8
Bronx,Hispanic,80.1,21.3,960,12.4,2017,2022,5 year August,10,2022-23,83.8,3986,Common Core Algebra,126,54.5,92,73.0,2,1.6
Bronx,Hispanic,76.9,15.8,1148,14.5,2016,2021,5 year August,10,2021-22,81.3,4292,Common Core Algebra,29,50.9,25,86.2,0,0.0
Bronx,Hispanic,73.7,8.3,1440,17.4,2015,2020,5 year August,10,2020-21,81.9,4079,Common Core Algebra,64,52.2,50,78.1,0,0.0
Bronx,Hispanic,69.5,8.7,1778,21.5,2014,2019,5 year August,10,2019-20,84.8,3666,Common Core Algebra,147,58.2,94,63.9,2,1.4
Bronx,Hispanic,68.7,9.3,1537,19.0,2013,2018,5 year August,10,2018-19,83.3,4174,Common Core Algebra,137,57.8,96,70.1,0,0.0
Bronx,Hispanic,66.6,8.1,1573,19.7,2012,2017,5 year August,9,2017-18,82.6,4379,Common Core Algebra,138,58.6,85,61.6,2,1.4
Bronx,Hispanic,81.3,19.5,897,12.2,2018,2023,5 year June,10,2023-24,84.4,3715,Common Core Algebra,119,59.6,65,54.6,1,0.8
Bronx,Hispanic,79.8,21.4,969,12.5,2017,2022,5 year June,10,2022-23,83.8,3986,Common Core Algebra,126,54.5,92,73.0,2,1.6
Bronx,Hispanic,76.5,15.9,1152,14.5,2016,2021,5 year June,10,2021-22,81.3,4292,Common Core Algebra,29,50.9,25,86.2,0,0.0
Bronx,Hispanic,73.2,8.4,1461,17.7,2015,2020,5 year June,10,2020-21,81.9,4079,Common Core Algebra,64,52.2,50,78.1,0,0.0
Bronx,Hispanic,68.6,8.8,1797,21.8,2014,2019,5 year June,10,2019-20,84.8,3666,Common Core Algebra,147,58.2,94,63.9,2,1.4
Bronx,Hispanic,68.1,9.4,1538,19.0,2013,2018,5 year June,10,2018-19,83.3,4174,Common Core Algebra,137,57.8,96,70.1,0,0.0
Bronx,Hispanic,65.8,8.2,1576,19.7,2012,2017,5 year June,9,2017-18,82.6,4379,Common Core Algebra,138,58.6,85,61.6,2,1.4
Bronx,Hispanic,81.3,21.1,1001,13.0,2017,2023,6 year June,10,2023-24,84.4,3715,Common Core Algebra,119,59.6,65,54.6,1,0.8
Bronx,Hispanic,78.3,15.6,1278,16.1,2016,2022,6 year June,10,2022-23,83.8,3986,Common Core Algebra,126,54.5,92,73.0,2,1.6
Bronx,Hispanic,75.6,8.1,1470,17.8,2015,2021,6 year June,10,2021-22,81.3,4292,Common Core Algebra,29,50.9,25,86.2,0,0.0
Bronx,Hispanic,71.7,8.4,1754,21.3,2014,2020,6 year June,10,2020-21,81.9,4079,Common Core Algebra,64,52.2,50,78.1,0,0.0
Bronx,Hispanic,70.9,9.0,1699,21.1,2013,2019,6 year June,10,2019-20,84.8,3666,Common Core Algebra,147,58.2,94,63.9,2,1.4
Bronx,Hispanic,69.1,7.8,1680,21.1,2012,2018,6 year June,10,2018-19,83.3,4174,Common Core Algebra,137,57.8,96,70.1,0,0.0
Bronx,White,83.1,49.2,36,5.9,2019,2023,4 year August,10,2023-24,90.1,155,Common Core English,11,67.8,3,27.3,0,0.0
Bronx,White,87.6,50.8,21,3.4,2018,2022,4 year August,10,2022-23,90.0,170,Common Core English,11,47.6,8,72.7,0,0.0
Bronx,White,84.4,53.1,46,6.2,2016,2020,4 year August,10,2020-21,90.7,159,Common Core Algebra,6,46.0,5,83.3,1,16.7
Bronx,White,81.2,49.3,52,7.9,2015,2019,4 year August,10,2019-20,92.1,144,Common Core Algebra,21,63.1,10,47.6,0,0.0
Bronx,White,78.8,50.7,54,8.0,2014,2018,4 year August,10,2018-19,89.6,197,US History and Government,7,69.4,3,42.9,2,28.6
Bronx,White,76.1,55.6,49,7.6,2013,2017,4 year August,9,2017-18,85.8,97,Common Core Algebra,6,57.0,4,66.7,1,16.7
Bronx,White,74.8,53.9,62,10.3,2012,2016,4 year August,9,2016-17,85.0,123,Common Core Algebra,8,55.4,7,87.5,0,0.0
Bronx,White,81.9,49.9,36,5.9,2019,2023,4 year June,10,2023-24,90.1,155,Common Core English,11,67.8,3,27.3,0,0.0
Bronx,White,86.8,51.1,22,3.5,2018,2022,4 year June,10,2022-23,90.0,170,Common Core English,11,47.6,8,72.7,0,0.0
Bronx,White,82.5,54.4,47,6.4,2016,2020,4 year June,10,2020-21,90.7,159,Common Core Algebra,6,46.0,5,83.3,1,16.7
Bronx,White,79.9,50.2,53,8.0,2015,2019,4 year June,10,2019-20,92.1,144,Common Core Algebra,21,63.1,10,47.6,0,0.0
Bronx,White,76.6,51.9,54,8.0,2014,2018,4 year June,10,2018-19,89.6,197,US History and Government,7,69.4,3,42.9,2,28.6
Bronx,White,74.7,56.6,49,7.6,2013,2017,4 year June,9,2017-18,85.8,97,Common Core Algebra,6,57.0,4,66.7,1,16.7
Bronx,White,73.3,55.0,62,10.3,2012,2016,4 year June,9,2016-17,85.0,123,Common Core Algebra,8,55.4,7,87.5,0,0.0
Bronx,White,89.9,49.6,26,4.2,2018,2023,5 year August,10,2023-24,90.1,155,Common Core English,11,67.8,3,27.3,0,0.0
Bronx,White,88.2,55.0,43,6.6,2017,2022,5 year August,10,2022-23,90.0,170,Common Core English,11,47.6,8,72.7,0,0.0
Bronx,White,84.5,47.3,58,8.7,2015,2020,5 year August,10,2020-21,90.7,159,Common Core Algebra,6,46.0,5,83.3,1,16.7
Bronx,White,81.8,48.4,74,10.9,2014,2019,5 year August,10,2019-20,92.1,144,Common Core Algebra,21,63.1,10,47.6,0,0.0
Bronx,White,79.7,52.7,69,10.6,2013,2018,5 year August,10,2018-19,89.6,197,US History and Government,7,69.4,3,42.9,2,28.6
Bronx,White,78.2,50.4,80,13.0,2012,2017,5 year August,9,2017-18,85.8,97,Common Core Algebra,6,57.0,4,66.7,1,16.7
Bronx,White,89.7,49.7,26,4.2,2018,2023,5 year June,10,2023-24,90.1,155,Common Core English,11,67.8,3,27.3,0,0.0
Bronx,White,87.5,55.4,45,6.9,2017,2022,5 year June,10,2022-23,90.0,170,Common Core English,11,47.6,8,72.7,0,0.0
Bronx,White,84.3,47.4,58,8.7,2015,2020,5 year June,10,2020-21,90.7,159,Common Core Algebra,6,46.0,5,83.3,1,16.7
Bronx,White,81.2,48.7,75,11.0,2014,2019,5 year June,10,2019-20,92.1,144,Common Core Algebra,21,63.1,10,47.6,0,0.0
Bronx,White,79.2,53.0,69,10.6,2013,2018,5 year June,10,2018-19,89.6,197,US History and Government,7,69.4,3,42.9,2,28.6
Bronx,White,77.7,50.7,80,13.0,2012,2017,5 year June,9,2017-18,85.8,97,Common Core Algebra,6,57.0,4,66.7,1,16.7
Bronx,White,88.6,54.8,46,7.1,2017,2023,6 year June,10,2023-24,90.1,155,Common Core English,11,67.8,3,27.3,0,0.0
Bronx,White,87.6,51.5,58,7.9,2016,2022,6 year June,10,2022-23,90.0,170,Common Core English,11,47.6,8,72.7,0,0.0
Bronx,White,82.7,47.6,76,11.1,2014,2020,6 year June,10,2020-21,90.7,159,Common Core Algebra,6,46.0,5,83.3,1,16.7
Bronx,White,81.3,51.6,76,11.7,2013,2019,6 year June,10,2019-20,92.1,144,Common Core Algebra,21,63.1,10,47.6,0,0.0
Bronx,White,79.2,49.8,84,13.7,2012,2018,6 year June,10,2018-19,89.6,197,US History and Government,7,69.4,3,42.9,2,28.6
Brooklyn,Asian,90.0,58.6,103,2.7,2019,2023,4 year August,10,2023-24,92.9,761,Common Core Algebra2,10,78.2,2,20.0,7,70.0
Brooklyn,Asian,91.4,70.0,101,2.6,2018,2022,4 year August,10,2022-23,92.9,750,Common Core Algebra2,9,72.1,2,22.2,3,33.3
Brooklyn,Asian,89.9,71.3,77,2.0,2017,2021,4 year August,10,2021-22,91.0,926,Common Core English,23,89.9,0,0.0,22,95.7
Brooklyn,Asian,88.2,66.8,117,3.2,2016,2020,4 year August,10,2020-21,90.5,829,Common Core English,12,67.6,4,33.3,5,41.7
Brooklyn,Asian,86.1,58.6,177,4.7,2015,2019,4 year August,10,2019-20,93.7,653,Common Core Algebra,18,79.3,0,0.0,8,44.4
Brooklyn,Asian,87.5,58.3,134,3.7,2014,2018,4 year August,10,2018-19,93.6,643,Common Core Algebra,13,71.8,2,15.4,3,23.1
Brooklyn,Asian,86.7,58.7,150,4.3,2013,2017,4 year August,9,2017-18,92.1,477,Common Core Algebra,16,76.3,1,6.3,4,25.0
Brooklyn,Asian,84.4,60.4,163,4.8,2012,2016,4 year August,9,2016-17,92.8,437,Common Core Algebra,8,74.8,0,0.0,1,12.5
Brooklyn,Asian,87.1,60.0,105,2.8,2019,2023,4 year June,10,2023-24,92.9,761,Common Core Algebra2,10,78.2,2,20.0,7,70.0
Brooklyn,Asian,88.3,71.4,105,2.7,2018,2022,4 year June,10,2022-23,92.9,750,Common Core Algebra2,9,72.1,2,22.2,3,33.3
Brooklyn,Asian,86.8,73.1,77,2.0,2017,2021,4 year June,10,2021-22,91.0,926,Common Core English,23,89.9,0,0.0,22,95.7
Brooklyn,Asian,85.9,68.0,119,3.2,2016,2020,4 year June,10,2020-21,90.5,829,Common Core English,12,67.6,4,33.3,5,41.7
Brooklyn,Asian,82.7,60.5,177,4.7,2015,2019,4 year June,10,2019-20,93.7,653,Common Core Algebra,18,79.3,0,0.0,8,44.4
Brooklyn,Asian,83.9,60.1,134,3.7,2014,2018,4 year June,10,2018-19,93.6,643,Common Core Algebra,13,71.8,2,15.4,3,23.1
Brooklyn,Asian,83.3,60.7,150,4.3,2013,2017,4 year June,9,2017-18,92.1,477,Common Core Algebra,16,76.3,1,6.3,4,25.0
Brooklyn,Asian,81.2,62.4,163,4.8,2012,2016,4 year June,9,2016-17,92.8,437,Common Core Algebra,8,74.8,0,0.0,1,12.5
Brooklyn,Asian,93.3,68.8,150,3.9,2018,2023,5 year August,10,2023-24,92.9,761,Common Core Algebra2,10,78.2,2,20.0,7,70.0
Brooklyn,Asian,93.4,69.2,144,3.8,2017,2022,5 year August,10,2022-23,92.9,750,Common Core Algebra2,9,72.1,2,22.2,3,33.3
Brooklyn,Asian,91.9,64.7,165,4.5,2016,2021,5 year August,10,2021-22,91.0,926,Common Core English,23,89.9,0,0.0,22,95.7
Brooklyn,Asian,90.5,56.6,223,6.0,2015,2020,5 year August,10,2020-21,90.5,829,Common Core English,12,67.6,4,33.3,5,41.7
Brooklyn,Asian,90.7,56.6,215,6.0,2014,2019,5 year August,10,2019-20,93.7,653,Common Core Algebra,18,79.3,0,0.0,8,44.4
Brooklyn,Asian,89.8,57.0,201,5.8,2013,2018,5 year August,10,2018-19,93.6,643,Common Core Algebra,13,71.8,2,15.4,3,23.1
Brooklyn,Asian,88.3,58.2,237,7.0,2012,2017,5 year August,9,2017-18,92.1,477,Common Core Algebra,16,76.3,1,6.3,4,25.0
Brooklyn,Asian,93.1,69.0,153,4.0,2018,2023,5 year June,10,2023-24,92.9,761,Common Core Algebra2,10,78.2,2,20.0,7,70.0
Brooklyn,Asian,93.0,69.5,148,3.9,2017,2022,5 year June,10,2022-23,92.9,750,Common Core Algebra2,9,72.1,2,22.2,3,33.3
Brooklyn,Asian,91.4,64.9,167,4.5,2016,2021,5 year June,10,2021-22,91.0,926,Common Core English,23,89.9,0,0.0,22,95.7
Brooklyn,Asian,90.1,56.8,227,6.1,2015,2020,5 year June,10,2020-21,90.5,829,Common Core English,12,67.6,4,33.3,5,41.7
Brooklyn,Asian,90.1,56.9,222,6.2,2014,2019,5 year June,10,2019-20,93.7,653,Common Core Algebra,18,79.3,0,0.0,8,44.4
Brooklyn,Asian,89.1,57.4,205,5.9,2013,2018,5 year June,10,2018-19,93.6,643,Common Core Algebra,13,71.8,2,15.4,3,23.1
Brooklyn,Asian,87.5,58.7,239,7.0,2012,2017,5 year June,9,2017-18,92.1,477,Common Core Algebra,16,76.3,1,6.3,4,25.0
Brooklyn,Asian,93.8,69.0,158,4.2,2017,2023,6 year June,10,2023-24,92.9,761,Common Core Algebra2,10,78.2,2,20.0,7,70.0
Brooklyn,Asian,92.6,64.4,186,5.0,2016,2022,6 year June,10,2022-23,92.9,750,Common Core Algebra2,9,72.1,2,22.2,3,33.3
Brooklyn,Asian,91.3,56.1,232,6.2,2015,2021,6 year June,10,2021-22,91.0,926,Common Core English,23,89.9,0,0.0,22,95.7
Brooklyn,Asian,91.7,56.0,216,6.1,2014,2020,6 year June,10,2020-21,90.5,829,Common Core English,12,67.6,4,33.3,5,41.7
Brooklyn,Asian,90.7,56.5,226,6.5,2013,2019,6 year June,10,2019-20,93.7,653,Common Core Algebra,18,79.3,0,0.0,8,44.4
Brooklyn,Asian,89.1,57.8,259,7.6,2012,2018,6 year June,10,2018-19,93.6,643,Common Core Algebra,13,71.8,2,15.4,3,23.1
Brooklyn,Black,81.1,12.0,310,4.7,2019,2023,4 year August,10,2023-24,85.2,2774,Common Core Algebra,17,55.9,10,58.8,0,0.0
Brooklyn,Black,81.6,20.4,299,4.5,2018,2022,4 year August,10,2022-23,84.4,3074,Common Core Algebra,22,55.9,16,72.7,0,0.0
Brooklyn,Black,80.1,24.2,274,3.9,2017,2021,4 year August,10,2021-22,81.7,3605,Common Core English,8,70.1,3,37.5,4,50.0
Brooklyn,Black,77.4,18.0,389,5.1,2016,2020,4 year August,10,2020-21,80.1,3547,Common Core Algebra,32,56.1,26,81.3,0,0.0
Brooklyn,Black,74.6,9.8,568,7.3,2015,2019,4 year August,10,2019-20,85.6,2921,Common Core Algebra,79,58.6,50,63.3,1,1.3
Brooklyn,Black,73.9,9.7,534,6.7,2014,2018,4 year August,10,2018-19,85.2,3197,Common Core Algebra,93,55.4,70,75.3,2,2.2
Brooklyn,Black,71.8,10.6,586,7.2,2013,2017,4 year August,9,2017-18,84.6,2854,Common Core Algebra,140,61.1,79,56.4,3,2.1
Brooklyn,Black,70.1,9.1,645,7.3,2012,2016,4 year August,9,2016-17,85.8,2884,Common Core Algebra,134,61.1,80,59.7,1,0.7
Brooklyn,Black,78.0,12.4,321,4.9,2019,2023,4 year June,10,2023-24,85.2,2774,Common Core Algebra,17,55.9,10,58.8,0,0.0
Brooklyn,Black,79.0,20.9,306,4.6,2018,2022,4 year June,10,2022-23,84.4,3074,Common Core Algebra,22,55.9,16,72.7,0,0.0
Brooklyn,Black,77.0,25.0,279,4.0,2017,2021,4 year June,10,2021-22,81.7,3605,Common Core English,8,70.1,3,37.5,4,50.0
Brooklyn,Black,75.0,18.6,392,5.2,2016,2020,4 year June,10,2020-21,80.1,3547,Common Core Algebra,32,56.1,26,81.3,0,0.0
Brooklyn,Black,70.2,10.4,576,7.4,2015,2019,4 year June,10,2019-20,85.6,2921,Common Core Algebra,79,58.6,50,63.3,1,1.3
Brooklyn,Black,70.3,10.2,534,6.7,2014,2018,4 year June,10,2018-19,85.2,3197,Common Core Algebra,93,55.4,70,75.3,2,2.2
Brooklyn,Black,67.7,11.2,586,7.2,2013,2017,4 year June,9,2017-18,84.6,2854,Common Core Algebra,140,61.1,79,56.4,3,2.1
Brooklyn,Black,66.0,9.7,645,7.3,2012,2016,4 year June,9,2016-17,85.8,2884,Common Core Algebra,134,61.1,80,59.7,1,0.7
Brooklyn,Black,85.8,19.5,472,7.1,2018,2023,5 year August,10,2023-24,85.2,2774,Common Core Algebra,17,55.9,10,58.8,0,0.0
Brooklyn,Black,84.9,23.0,485,6.9,2017,2022,5 year August,10,2022-23,84.4,3074,Common Core Algebra,22,55.9,16,72.7,0,0.0
Brooklyn,Black,82.1,17.1,586,7.8,2016,2021,5 year August,10,2021-22,81.7,3605,Common Core English,8,70.1,3,37.5,4,50.0
Brooklyn,Black,81.0,9.1,705,9.1,2015,2020,5 year August,10,2020-21,80.1,3547,Common Core Algebra,32,56.1,26,81.3,0,0.0
Brooklyn,Black,79.5,9.0,930,11.6,2014,2019,5 year August,10,2019-20,85.6,2921,Common Core Algebra,79,58.6,50,63.3,1,1.3
Brooklyn,Black,79.0,9.8,830,10.3,2013,2018,5 year August,10,2018-19,85.2,3197,Common Core Algebra,93,55.4,70,75.3,2,2.2
Brooklyn,Black,77.0,8.4,969,11.0,2012,2017,5 year August,9,2017-18,84.6,2854,Common Core Algebra,140,61.1,79,56.4,3,2.1
Brooklyn,Black,85.2,19.7,482,7.3,2018,2023,5 year June,10,2023-24,85.2,2774,Common Core Algebra,17,55.9,10,58.8,0,0.0
Brooklyn,Black,84.5,23.1,491,7.0,2017,2022,5 year June,10,2022-23,84.4,3074,Common Core Algebra,22,55.9,16,72.7,0,0.0
Brooklyn,Black,81.6,17.2,589,7.8,2016,2021,5 year June,10,2021-22,81.7,3605,Common Core English,8,70.1,3,37.5,4,50.0
Brooklyn,Black,80.3,9.2,724,9.3,2015,2020,5 year June,10,2020-21,80.1,3547,Common Core Algebra,32,56.1,26,81.3,0,0.0
Brooklyn,Black,78.7,9.1,952,11.8,2014,2019,5 year June,10,2019-20,85.6,2921,Common Core Algebra,79,58.6,50,63.3,1,1.3
Brooklyn,Black,78.2,9.9,830,10.3,2013,2018,5 year June,10,2018-19,85.2,3197,Common Core Algebra,93,55.4,70,75.3,2,2.2
Brooklyn,Black,75.8,8.5,971,11.1,2012,2017,5 year June,9,2017-18,84.6,2854,Common Core Algebra,140,61.1,79,56.4,3,2.1
Brooklyn,Black,85.9,22.8,581,8.3,2017,2023,6 year June,10,2023-24,85.2,2774,Common Core Algebra,17,55.9,10,58.8,0,0.0
Brooklyn,Black,84.0,16.8,738,9.8,2016,2022,6 year June,10,2022-23,84.4,3074,Common Core Algebra,22,55.9,16,72.7,0,0.0
Brooklyn,Black,83.0,8.9,756,9.8,2015,2021,6 year June,10,2021-22,81.7,3605,Common Core English,8,70.1,3,37.5,4,50.0
Brooklyn,Black,81.7,8.8,937,11.7,2014,2020,6 year June,10,2020-21,80.1,3547,Common Core Algebra,32,56.1,26,81.3,0,0.0
Brooklyn,Black,81.0,9.5,957,11.8,2013,2019,6 year June,10,2019-20,85.6,2921,Common Core Algebra,79,58.6,50,63.3,1,1.3
Brooklyn,Black,79.1,8.2,1071,12.3,2012,2018,6 year June,10,2018-19,85.2,3197,Common Core Algebra,93,55.4,70,75.3,2,2.2
Brooklyn,Hispanic,78.1,21.2,452,7.8,2019,2023,4 year August,10,2023-24,83.9,3095,Common Core Algebra,8,63.4,4,50.0,0,0.0
Brooklyn,Hispanic,77.4,30.1,486,8.6,2018,2022,4 year August,10,2022-23,83.1,3183,Common Core Algebra,10,46.9,10,100.0,0,0.0
Brooklyn,Hispanic,75.4,34.1,351,6.5,2017,2021,4 year August,10,2021-22,80.8,3451,Common Core English,6,62.2,2,33.3,2,33.3
Brooklyn,Hispanic,72.2,25.9,452,8.2,2016,2020,4 year August,10,2020-21,78.5,3251,Common Core Algebra,15,54.3,13,86.7,0,0.0
Brooklyn,Hispanic,70.9,15.9,524,9.9,2015,2019,4 year August,10,2019-20,85.3,2495,Common Core Algebra,20,55.3,15,75.0,0,0.0
Brooklyn,Hispanic,71.2,15.1,533,9.9,2014,2018,4 year August,10,2018-19,83.8,2635,Common Core English,19,64.8,5,26.3,4,21.1
Brooklyn,Hispanic,67.1,16.0,579,11.2,2013,2017,4 year August,9,2017-18,82.9,2465,Common Core Algebra,22,66.0,8,36.4,0,0.0
Brooklyn,Hispanic,65.8,13.8,587,11.3,2012,2016,4 year August,9,2016-17,83.8,2359,Common Core Algebra,30,60.8,16,53.3,0,0.0
Brooklyn,Hispanic,74.7,22.1,461,8.0,2019,2023,4 year June,10,2023-24,83.9,3095,Common Core Algebra,8,63.4,4,50.0,0,0.0
Brooklyn,Hispanic,74.2,31.0,488,8.6,2018,2022,4 year June,10,2022-23,83.1,3183,Common Core Algebra,10,46.9,10,100.0,0,0.0
Brooklyn,Hispanic,71.8,35.4,354,6.6,2017,2021,4 year June,10,2021-22,80.8,3451,Common Core English,6,62.2,2,33.3,2,33.3
Brooklyn,Hispanic,69.9,26.5,452,8.2,2016,2020,4 year June,10,2020-21,78.5,3251,Common Core Algebra,15,54.3,13,86.7,0,0.0
Brooklyn,Hispanic,67.0,16.8,527,10.0,2015,2019,4 year June,10,2019-20,85.3,2495,Common Core Algebra,20,55.3,15,75.0,0,0.0
Brooklyn,Hispanic,66.8,16.0,533,9.9,2014,2018,4 year June,10,2018-19,83.8,2635,Common Core English,19,64.8,5,26.3,4,21.1
Brooklyn,Hispanic,63.2,16.9,579,11.2,2013,2017,4 year June,9,2017-18,82.9,2465,Common Core Algebra,22,66.0,8,36.4,0,0.0
Brooklyn,Hispanic,62.3,14.6,587,11.3,2012,2016,4 year June,9,2016-17,83.8,2359,Common Core Algebra,30,60.8,16,53.3,0,0.0
Brooklyn,Hispanic,81.6,28.8,669,11.8,2018,2023,5 year August,10,2023-24,83.9,3095,Common Core Algebra,8,63.4,4,50.0,0,0.0
Brooklyn,Hispanic,80.4,32.3,619,11.6,2017,2022,5 year August,10,2022-23,83.1,3183,Common Core Algebra,10,46.9,10,100.0,0,0.0
Brooklyn,Hispanic,77.8,24.4,623,11.4,2016,2021,5 year August,10,2021-22,80.8,3451,Common Core English,6,62.2,2,33.3,2,33.3
Brooklyn,Hispanic,77.5,14.7,679,12.9,2015,2020,5 year August,10,2020-21,78.5,3251,Common Core Algebra,15,54.3,13,86.7,0,0.0
Brooklyn,Hispanic,76.0,14.2,826,15.3,2014,2019,5 year August,10,2019-20,85.3,2495,Common Core Algebra,20,55.3,15,75.0,0,0.0
Brooklyn,Hispanic,72.9,14.8,808,15.6,2013,2018,5 year August,10,2018-19,83.8,2635,Common Core English,19,64.8,5,26.3,4,21.1
Brooklyn,Hispanic,71.5,12.8,822,15.9,2012,2017,5 year August,9,2017-18,82.9,2465,Common Core Algebra,22,66.0,8,36.4,0,0.0
Brooklyn,Hispanic,81.0,29.0,675,11.9,2018,2023,5 year June,10,2023-24,83.9,3095,Common Core Algebra,8,63.4,4,50.0,0,0.0
Brooklyn,Hispanic,79.8,32.5,623,11.6,2017,2022,5 year June,10,2022-23,83.1,3183,Common Core Algebra,10,46.9,10,100.0,0,0.0
Brooklyn,Hispanic,76.9,24.6,628,11.5,2016,2021,5 year June,10,2021-22,80.8,3451,Common Core English,6,62.2,2,33.3,2,33.3
Brooklyn,Hispanic,76.8,14.8,696,13.2,2015,2020,5 year June,10,2020-21,78.5,3251,Common Core Algebra,15,54.3,13,86.7,0,0.0
Brooklyn,Hispanic,75.2,14.3,834,15.4,2014,2019,5 year June,10,2019-20,85.3,2495,Common Core Algebra,20,55.3,15,75.0,0,0.0
Brooklyn,Hispanic,72.1,15.0,809,15.6,2013,2018,5 year June,10,2018-19,83.8,2635,Common Core English,19,64.8,5,26.3,4,21.1
Brooklyn,Hispanic,70.8,12.9,822,15.9,2012,2017,5 year June,9,2017-18,82.9,2465,Common Core Algebra,22,66.0,8,36.4,0,0.0
Brooklyn,Hispanic,81.8,31.8,719,13.4,2017,2023,6 year June,10,2023-24,83.9,3095,Common Core Algebra,8,63.4,4,50.0,0,0.0
Brooklyn,Hispanic,80.2,23.7,752,13.8,2016,2022,6 year June,10,2022-23,83.1,3183,Common Core Algebra,10,46.9,10,100.0,0,0.0
Brooklyn,Hispanic,79.3,14.4,734,14.0,2015,2021,6 year June,10,2021-22,80.8,3451,Common Core English,6,62.2,2,33.3,2,33.3
Brooklyn,Hispanic,78.5,13.7,848,15.7,2014,2020,6 year June,10,2020-21,78.5,3251,Common Core Algebra,15,54.3,13,86.7,0,0.0
Brooklyn,Hispanic,75.4,14.4,898,17.4,2013,2019,6 year June,10,2019-20,85.3,2495,Common Core Algebra,20,55.3,15,75.0,0,0.0
Brooklyn,Hispanic,73.7,12.4,909,17.7,2012,2018,6 year June,10,2018-19,83.8,2635,Common Core English,19,64.8,5,26.3,4,21.1
Brooklyn,White,87.5,47.2,117,3.7,2019,2023,4 year August,10,2023-24,88.4,1185,Common Core English,7,74.7,1,14.3,3,42.9
Brooklyn,White,86.8,55.6,99,3.1,2018,2022,4 year August,10,2022-23,88.2,1153,Common Core Algebra2,6,45.0,6,100.0,0,0.0
Brooklyn,White,84.9,56.2,101,2.9,2017,2021,4 year August,10,2021-22,86.4,1304,Common Core English,8,90.5,0,0.0,8,100.0
Brooklyn,White,85.5,52.0,128,4.0,2016,2020,4 year August,10,2020-21,87.9,998,Common Core Algebra,8,47.9,7,87.5,0,0.0
Brooklyn,White,81.4,42.9,168,5.2,2015,2019,4 year August,10,2019-20,91.2,805,Common Core Algebra,8,71.6,1,12.5,0,0.0
Brooklyn,White,79.5,43.1,159,5.1,2014,2018,4 year August,10,2018-19,90.7,825,Common Core Algebra,7,70.0,2,28.6,0,0.0
Brooklyn,White,79.4,43.3,167,5.7,2013,2017,4 year August,9,2017-18,89.2,665,Common Core Algebra,11,63.7,4,36.4,1,9.1
Brooklyn,White,78.6,38.4,170,5.6,2012,2016,4 year August,9,2016-17,88.8,583,Common Core Algebra,6,57.0,4,66.7,0,0.0
Brooklyn,White,84.4,48.6,118,3.7,2019,2023,4 year June,10,2023-24,88.4,1185,Common Core English,7,74.7,1,14.3,3,42.9
Brooklyn,White,83.5,57.2,100,3.1,2018,2022,4 year June,10,2022-23,88.2,1153,Common Core Algebra2,6,45.0,6,100.0,0,0.0
Brooklyn,White,81.4,58.1,101,2.9,2017,2021,4 year June,10,2021-22,86.4,1304,Common Core English,8,90.5,0,0.0,8,100.0
Brooklyn,White,83.3,53.1,128,4.0,2016,2020,4 year June,10,2020-21,87.9,998,Common Core Algebra,8,47.9,7,87.5,0,0.0
Brooklyn,White,78.2,44.3,169,5.2,2015,2019,4 year June,10,2019-20,91.2,805,Common Core Algebra,8,71.6,1,12.5,0,0.0
Brooklyn,White,76.9,44.4,159,5.1,2014,2018,4 year June,10,2018-19,90.7,825,Common Core Algebra,7,70.0,2,28.6,0,0.0
Brooklyn,White,76.6,44.6,167,5.7,2013,2017,4 year June,9,2017-18,89.2,665,Common Core Algebra,11,63.7,4,36.4,1,9.1
Brooklyn,White,75.6,39.7,170,5.6,2012,2016,4 year June,9,2016-17,88.8,583,Common Core Algebra,6,57.0,4,66.7,0,0.0
Brooklyn,White,89.3,54.5,165,5.1,2018,2023,5 year August,10,2023-24,88.4,1185,Common Core English,7,74.7,1,14.3,3,42.9
Brooklyn,White,89.9,56.1,161,4.9,2017,2022,5 year August,10,2022-23,88.2,1153,Common Core Algebra2,6,45.0,6,100.0,0,0.0
Brooklyn,White,89.0,50.3,185,5.8,2016,2021,5 year August,10,2021-22,86.4,1304,Common Core English,8,90.5,0,0.0,8,100.0
Brooklyn,White,86.1,40.7,232,7.2,2015,2020,5 year August,10,2020-21,87.9,998,Common Core Algebra,8,47.9,7,87.5,0,0.0
Brooklyn,White,83.3,41.3,263,8.4,2014,2019,5 year August,10,2019-20,91.2,805,Common Core Algebra,8,71.6,1,12.5,0,0.0
Brooklyn,White,82.8,41.5,231,7.9,2013,2018,5 year August,10,2018-19,90.7,825,Common Core Algebra,7,70.0,2,28.6,0,0.0
Brooklyn,White,81.9,36.8,252,8.2,2012,2017,5 year August,9,2017-18,89.2,665,Common Core Algebra,11,63.7,4,36.4,1,9.1
Brooklyn,White,89.0,54.7,167,5.2,2018,2023,5 year June,10,2023-24,88.4,1185,Common Core English,7,74.7,1,14.3,3,42.9
Brooklyn,White,89.7,56.2,162,4.9,2017,2022,5 year June,10,2022-23,88.2,1153,Common Core Algebra2,6,45.0,6,100.0,0,0.0
Brooklyn,White,88.6,50.5,188,5.9,2016,2021,5 year June,10,2021-22,86.4,1304,Common Core English,8,90.5,0,0.0,8,100.0
Brooklyn,White,85.7,40.9,234,7.3,2015,2020,5 year June,10,2020-21,87.9,998,Common Core Algebra,8,47.9,7,87.5,0,0.0
Brooklyn,White,82.8,41.6,268,8.6,2014,2019,5 year June,10,2019-20,91.2,805,Common Core Algebra,8,71.6,1,12.5,0,0.0
Brooklyn,White,82.3,41.7,232,8.0,2013,2018,5 year June,10,2018-19,90.7,825,Common Core Algebra,7,70.0,2,28.6,0,0.0
Brooklyn,White,81.5,36.9,253,8.3,2012,2017,5 year June,9,2017-18,89.2,665,Common Core Algebra,11,63.7,4,36.4,1,9.1
Brooklyn,White,90.4,55.8,185,5.6,2017,2023,6 year June,10,2023-24,88.4,1185,Common Core English,7,74.7,1,14.3,3,42.9
Brooklyn,White,89.5,50.1,207,6.5,2016,2022,6 year June,10,2022-23,88.2,1153,Common Core Algebra2,6,45.0,6,100.0,0,0.0
Brooklyn,White,87.3,40.3,227,7.1,2015,2021,6 year June,10,2021-22,86.4,1304,Common Core English,8,90.5,0,0.0,8,100.0
Brooklyn,White,85.1,40.6,257,8.2,2014,2020,6 year June,10,2020-21,87.9,998,Common Core Algebra,8,47.9,7,87.5,0,0.0
Brooklyn,White,84.4,40.9,249,8.6,2013,2019,6 year June,10,2019-20,91.2,805,Common Core Algebra,8,71.6,1,12.5,0,0.0
Brooklyn,White,83.2,36.2,286,9.4,2012,2018,6 year June,10,2018-19,90.7,825,Common Core Algebra,7,70.0,2,28.6,0,0.0
Manhattan,Asian,93.1,63.3,59,2.6,2019,2023,4 year August,10,2023-24,94.0,343,Common Core Algebra2,11,73.8,2,18.2,5,45.5
Manhattan,Asian,93.7,70.2,44,2.0,2018,2022,4 year August,10,2022-23,94.8,290,Common Core Algebra,12,78.7,1,8.3,7,58.3
Manhattan,Asian,93.0,71.0,39,1.7,2017,2021,4 year August,10,2021-22,93.5,369,Common Core Algebra,22,92.2,0,0.0,22,100.0
Manhattan,Asian,90.8,70.2,72,3.0,2016,2020,4 year August,10,2020-21,93.5,333,Common Core English,7,75.3,2,28.6,4,57.1
Manhattan,Asian,90.1,62.0,86,3.8,2015,2019,4 year August,10,2019-20,95.3,254,Common Core Algebra,7,79.0,0,0.0,5,71.4
Manhattan,Asian,90.4,67.7,79,3.4,2014,2018,4 year August,10,2018-19,95.1,293,Common Core Algebra,6,75.2,1,16.7,3,50.0
Manhattan,Asian,88.2,68.0,99,4.3,2013,2017,4 year August,9,2017-18,95.1,100,Common Core English,8,77.5,1,12.5,4,50.0
Manhattan,Asian,87.9,63.1,93,4.0,2012,2016,4 year August,9,2016-17,94.6,98,Common Core Algebra,6,74.8,0,0.0,2,33.3
Manhattan,Asian,91.6,64.0,59,2.6,2019,2023,4 year June,10,2023-24,94.0,343,Common Core Algebra2,11,73.8,2,18.2,5,45.5
Manhattan,Asian,92.0,70.7,44,2.0,2018,2022,4 year June,10,2022-23,94.8,290,Common Core Algebra,12,78.7,1,8.3,7,58.3
Manhattan,Asian,91.9,71.6,40,1.8,2017,2021,4 year June,10,2021-22,93.5,369,Common Core Algebra,22,92.2,0,0.0,22,100.0
Manhattan,Asian,90.0,70.6,72,3.0,2016,2020,4 year June,10,2020-21,93.5,333,Common Core English,7,75.3,2,28.6,4,57.1
Manhattan,Asian,88.3,62.4,86,3.8,2015,2019,4 year June,10,2019-20,95.3,254,Common Core Algebra,7,79.0,0,0.0,5,71.4
Manhattan,Asian,88.6,68.5,79,3.4,2014,2018,4 year June,10,2018-19,95.1,293,Common Core Algebra,6,75.2,1,16.7,3,50.0
Manhattan,Asian,86.0,68.9,99,4.3,2013,2017,4 year June,9,2017-18,95.1,100,Common Core English,8,77.5,1,12.5,4,50.0
Manhattan,Asian,86.4,63.7,93,4.0,2012,2016,4 year June,9,2016-17,94.6,98,Common Core Algebra,6,74.8,0,0.0,2,33.3
Manhattan,Asian,94.6,69.5,55,2.5,2018,2023,5 year August,10,2023-24,94.0,343,Common Core Algebra2,11,73.8,2,18.2,5,45.5
Manhattan,Asian,94.4,69.9,60,2.7,2017,2022,5 year August,10,2022-23,94.8,290,Common Core Algebra,12,78.7,1,8.3,7,58.3
Manhattan,Asian,92.4,69.2,83,3.5,2016,2021,5 year August,10,2021-22,93.5,369,Common Core Algebra,22,92.2,0,0.0,22,100.0
Manhattan,Asian,92.1,60.7,93,4.1,2015,2020,5 year August,10,2020-21,93.5,333,Common Core English,7,75.3,2,28.6,4,57.1
Manhattan,Asian,92.5,66.7,94,4.0,2014,2019,5 year August,10,2019-20,95.3,254,Common Core Algebra,7,79.0,0,0.0,5,71.4
Manhattan,Asian,90.3,67.0,114,4.9,2013,2018,5 year August,10,2018-19,95.1,293,Common Core Algebra,6,75.2,1,16.7,3,50.0
Manhattan,Asian,89.9,62.0,118,5.0,2012,2017,5 year August,9,2017-18,95.1,100,Common Core English,8,77.5,1,12.5,4,50.0
Manhattan,Asian,94.5,69.6,55,2.5,2018,2023,5 year June,10,2023-24,94.0,343,Common Core Algebra2,11,73.8,2,18.2,5,45.5
Manhattan,Asian,94.3,70.0,60,2.7,2017,2022,5 year June,10,2022-23,94.8,290,Common Core Algebra,12,78.7,1,8.3,7,58.3
Manhattan,Asian,92.3,69.3,83,3.5,2016,2021,5 year June,10,2021-22,93.5,369,Common Core Algebra,22,92.2,0,0.0,22,100.0
Manhattan,Asian,91.8,60.9,95,4.2,2015,2020,5 year June,10,2020-21,93.5,333,Common Core English,7,75.3,2,28.6,4,57.1
Manhattan,Asian,92.3,66.7,95,4.1,2014,2019,5 year June,10,2019-20,95.3,254,Common Core Algebra,7,79.0,0,0.0,5,71.4
Manhattan,Asian,90.2,67.1,115,5.0,2013,2018,5 year June,10,2018-19,95.1,293,Common Core Algebra,6,75.2,1,16.7,3,50.0
Manhattan,Asian,89.7,62.1,118,5.0,2012,2017,5 year June,9,2017-18,95.1,100,Common Core English,8,77.5,1,12.5,4,50.0
Manhattan,Asian,94.6,69.7,66,2.9,2017,2023,6 year June,10,2023-24,94.0,343,Common Core Algebra2,11,73.8,2,18.2,5,45.5
Manhattan,Asian,92.8,68.9,96,4.1,2016,2022,6 year June,10,2022-23,94.8,290,Common Core Algebra,12,78.7,1,8.3,7,58.3
Manhattan,Asian,92.5,60.4,98,4.3,2015,2021,6 year June,10,2021-22,93.5,369,Common Core Algebra,22,92.2,0,0.0,22,100.0
Manhattan,Asian,93.0,66.1,94,4.0,2014,2020,6 year June,10,2020-21,93.5,333,Common Core English,7,75.3,2,28.6,4,57.1
Manhattan,Asian,90.7,66.5,124,5.4,2013,2019,6 year June,10,2019-20,95.3,254,Common Core Algebra,7,79.0,0,0.0,5,71.4
Manhattan,Asian,90.7,61.4,133,5.7,2012,2018,6 year June,10,2018-19,95.1,293,Common Core Algebra,6,75.2,1,16.7,3,50.0
Manhattan,Black,78.0,18.6,168,5.7,2019,2023,4 year August,10,2023-24,82.8,1490,Common Core Algebra,10,66.5,3,30.0,1,10.0
Manhattan,Black,78.2,25.3,181,6.2,2018,2022,4 year August,10,2022-23,83.5,1450,Common Core Algebra,13,53.2,11,84.6,0,0.0
Manhattan,Black,77.2,31.1,164,5.3,2017,2021,4 year August,10,2021-22,80.4,1710,Common Core Algebra,9,49.2,8,88.9,0,0.0
Manhattan,Black,75.4,23.5,165,4.7,2016,2020,4 year August,10,2020-21,79.5,1620,Common Core Algebra,9,62.1,3,33.3,0,0.0
Manhattan,Black,73.6,13.7,268,7.7,2015,2019,4 year August,10,2019-20,85.7,1247,Common Core Algebra,27,65.8,10,37.0,2,7.4
Manhattan,Black,70.3,11.9,279,7.7,2014,2018,4 year August,10,2018-19,85.6,1377,Common Core Algebra,11,68.1,3,27.3,0,0.0
Manhattan,Black,70.6,13.6,264,7.2,2013,2017,4 year August,9,2017-18,86.8,1202,Common Core Algebra,10,61.2,6,60.0,1,10.0
Manhattan,Black,69.2,12.1,311,8.2,2012,2016,4 year August,9,2016-17,87.6,1261,Common Core Algebra,10,62.6,6,60.0,0,0.0
Manhattan,Black,75.1,19.2,168,5.7,2019,2023,4 year June,10,2023-24,82.8,1490,Common Core Algebra,10,66.5,3,30.0,1,10.0
Manhattan,Black,75.7,26.1,181,6.2,2018,2022,4 year June,10,2022-23,83.5,1450,Common Core Algebra,13,53.2,11,84.6,0,0.0
Manhattan,Black,74.7,31.8,165,5.3,2017,2021,4 year June,10,2021-22,80.4,1710,Common Core Algebra,9,49.2,8,88.9,0,0.0
Manhattan,Black,73.1,24.2,165,4.7,2016,2020,4 year June,10,2020-21,79.5,1620,Common Core Algebra,9,62.1,3,33.3,0,0.0
Manhattan,Black,69.3,14.4,272,7.8,2015,2019,4 year June,10,2019-20,85.7,1247,Common Core Algebra,27,65.8,10,37.0,2,7.4
Manhattan,Black,66.5,12.6,279,7.7,2014,2018,4 year June,10,2018-19,85.6,1377,Common Core Algebra,11,68.1,3,27.3,0,0.0
Manhattan,Black,67.2,14.2,264,7.2,2013,2017,4 year June,9,2017-18,86.8,1202,Common Core Algebra,10,61.2,6,60.0,1,10.0
Manhattan,Black,66.0,12.6,311,8.2,2012,2016,4 year June,9,2016-17,87.6,1261,Common Core Algebra,10,62.6,6,60.0,0,0.0
Manhattan,Black,82.2,24.1,259,8.8,2018,2023,5 year August,10,2023-24,82.8,1490,Common Core Algebra,10,66.5,3,30.0,1,10.0
Manhattan,Black,81.2,29.3,293,9.4,2017,2022,5 year August,10,2022-23,83.5,1450,Common Core Algebra,13,53.2,11,84.6,0,0.0
Manhattan,Black,80.7,21.9,292,8.3,2016,2021,5 year August,10,2021-22,80.4,1710,Common Core Algebra,9,49.2,8,88.9,0,0.0
Manhattan,Black,79.9,12.5,336,9.6,2015,2020,5 year August,10,2020-21,79.5,1620,Common Core Algebra,9,62.1,3,33.3,0,0.0
Manhattan,Black,76.0,11.0,489,13.5,2014,2019,5 year August,10,2019-20,85.7,1247,Common Core Algebra,27,65.8,10,37.0,2,7.4
Manhattan,Black,76.3,12.5,425,11.4,2013,2018,5 year August,10,2018-19,85.6,1377,Common Core Algebra,11,68.1,3,27.3,0,0.0
Manhattan,Black,75.6,11.0,445,11.7,2012,2017,5 year August,9,2017-18,86.8,1202,Common Core Algebra,10,61.2,6,60.0,1,10.0
Manhattan,Black,81.8,24.2,264,9.0,2018,2023,5 year June,10,2023-24,82.8,1490,Common Core Algebra,10,66.5,3,30.0,1,10.0
Manhattan,Black,80.6,29.6,297,9.5,2017,2022,5 year June,10,2022-23,83.5,1450,Common Core Algebra,13,53.2,11,84.6,0,0.0
Manhattan,Black,80.0,22.1,292,8.3,2016,2021,5 year June,10,2021-22,80.4,1710,Common Core Algebra,9,49.2,8,88.9,0,0.0
Manhattan,Black,79.3,12.6,343,9.8,2015,2020,5 year June,10,2020-21,79.5,1620,Common Core Algebra,9,62.1,3,33.3,0,0.0
Manhattan,Black,74.9,11.2,499,13.7,2014,2019,5 year June,10,2019-20,85.7,1247,Common Core Algebra,27,65.8,10,37.0,2,7.4
Manhattan,Black,75.2,12.7,425,11.4,2013,2018,5 year June,10,2018-19,85.6,1377,Common Core Algebra,11,68.1,3,27.3,0,0.0
Manhattan,Black,75.0,11.1,445,11.7,2012,2017,5 year June,9,2017-18,86.8,1202,Common Core Algebra,10,61.2,6,60.0,1,10.0
Manhattan,Black,82.2,28.9,327,10.5,2017,2023,6 year June,10,2023-24,82.8,1490,Common Core Algebra,10,66.5,3,30.0,1,10.0
Manhattan,Black,81.8,21.6,383,10.9,2016,2022,6 year June,10,2022-23,83.5,1450,Common Core Algebra,13,53.2,11,84.6,0,0.0
Manhattan,Black,81.7,12.2,389,11.1,2015,2021,6 year June,10,2021-22,80.4,1710,Common Core Algebra,9,49.2,8,88.9,0,0.0
Manhattan,Black,78.8,10.6,494,13.6,2014,2020,6 year June,10,2020-21,79.5,1620,Common Core Algebra,9,62.1,3,33.3,0,0.0
Manhattan,Black,78.7,12.2,504,13.5,2013,2019,6 year June,10,2019-20,85.7,1247,Common Core Algebra,27,65.8,10,37.0,2,7.4
Manhattan,Black,77.8,10.7,505,13.3,2012,2018,6 year June,10,2018-19,85.6,1377,Common Core Algebra,11,68.1,3,27.3,0,0.0
Manhattan,Hispanic,79.0,24.5,599,8.8,2019,2023,4 year August,10,2023-24,83.3,3634,Common Core Algebra,33,57.6,24,72.7,1,3.0
Manhattan,Hispanic,79.4,33.6,609,8.7,2018,2022,4 year August,10,2022-23,83.6,3512,Common Core Algebra,27,60.9,14,51.9,1,3.7
Manhattan,Hispanic,79.7,37.7,471,6.6,2017,2021,4 year August,10,2021-22,81.4,3855,Common Core English,14,62.6,6,42.9,3,21.4
Manhattan,Hispanic,75.5,31.8,477,6.5,2016,2020,4 year August,10,2020-21,80.0,3512,Common Core Algebra,26,64.3,11,42.3,0,0.0
Manhattan,Hispanic,73.6,19.8,662,9.3,2015,2019,4 year August,10,2019-20,86.2,2926,Common Core Algebra,70,69.1,19,27.1,4,5.7
Manhattan,Hispanic,72.1,18.8,663,9.1,2014,2018,4 year August,10,2018-19,86.4,3016,Common Core Algebra,21,60.1,12,57.1,0,0.0
Manhattan,Hispanic,69.6,17.7,665,9.3,2013,2017,4 year August,9,2017-18,87.6,2457,Common Core Algebra,34,67.0,8,23.5,2,5.9
Manhattan,Hispanic,69.9,16.1,682,9.4,2012,2016,4 year August,9,2016-17,87.6,2546,Common Core Algebra,31,61.9,17,54.8,0,0.0
Manhattan,Hispanic,76.2,25.1,604,8.9,2019,2023,4 year June,10,2023-24,83.3,3634,Common Core Algebra,33,57.6,24,72.7,1,3.0
Manhattan,Hispanic,77.0,34.4,611,8.8,2018,2022,4 year June,10,2022-23,83.6,3512,Common Core Algebra,27,60.9,14,51.9,1,3.7
Manhattan,Hispanic,77.5,38.5,473,6.6,2017,2021,4 year June,10,2021-22,81.4,3855,Common Core English,14,62.6,6,42.9,3,21.4
Manhattan,Hispanic,73.6,32.3,483,6.6,2016,2020,4 year June,10,2020-21,80.0,3512,Common Core Algebra,26,64.3,11,42.3,0,0.0
Manhattan,Hispanic,70.2,20.5,667,9.4,2015,2019,4 year June,10,2019-20,86.2,2926,Common Core Algebra,70,69.1,19,27.1,4,5.7
Manhattan,Hispanic,68.8,19.6,663,9.1,2014,2018,4 year June,10,2018-19,86.4,3016,Common Core Algebra,21,60.1,12,57.1,0,0.0
Manhattan,Hispanic,66.2,18.4,665,9.3,2013,2017,4 year June,9,2017-18,87.6,2457,Common Core Algebra,34,67.0,8,23.5,2,5.9
Manhattan,Hispanic,66.4,16.9,682,9.4,2012,2016,4 year June,9,2016-17,87.6,2546,Common Core Algebra,31,61.9,17,54.8,0,0.0
Manhattan,Hispanic,82.4,32.4,801,11.5,2018,2023,5 year August,10,2023-24,83.3,3634,Common Core Algebra,33,57.6,24,72.7,1,3.0
Manhattan,Hispanic,82.4,36.5,767,10.7,2017,2022,5 year August,10,2022-23,83.6,3512,Common Core Algebra,27,60.9,14,51.9,1,3.7
Manhattan,Hispanic,80.2,29.9,698,9.6,2016,2021,5 year August,10,2021-22,81.4,3855,Common Core English,14,62.6,6,42.9,3,21.4
Manhattan,Hispanic,79.0,18.4,824,11.5,2015,2020,5 year August,10,2020-21,80.0,3512,Common Core Algebra,26,64.3,11,42.3,0,0.0
Manhattan,Hispanic,76.6,17.5,1076,14.7,2014,2019,5 year August,10,2019-20,86.2,2926,Common Core Algebra,70,69.1,19,27.1,4,5.7
Manhattan,Hispanic,75.1,16.4,1027,14.3,2013,2018,5 year August,10,2018-19,86.4,3016,Common Core Algebra,21,60.1,12,57.1,0,0.0
Manhattan,Hispanic,75.5,14.9,998,13.7,2012,2017,5 year August,9,2017-18,87.6,2457,Common Core Algebra,34,67.0,8,23.5,2,5.9
Manhattan,Hispanic,81.9,32.6,808,11.6,2018,2023,5 year June,10,2023-24,83.3,3634,Common Core Algebra,33,57.6,24,72.7,1,3.0
Manhattan,Hispanic,81.9,36.6,772,10.7,2017,2022,5 year June,10,2022-23,83.6,3512,Common Core Algebra,27,60.9,14,51.9,1,3.7
Manhattan,Hispanic,79.6,30.2,702,9.6,2016,2021,5 year June,10,2021-22,81.4,3855,Common Core English,14,62.6,6,42.9,3,21.4
Manhattan,Hispanic,78.5,18.5,834,11.7,2015,2020,5 year June,10,2020-21,80.0,3512,Common Core Algebra,26,64.3,11,42.3,0,0.0
Manhattan,Hispanic,75.7,17.7,1093,15.0,2014,2019,5 year June,10,2019-20,86.2,2926,Common Core Algebra,70,69.1,19,27.1,4,5.7
Manhattan,Hispanic,74.3,16.5,1028,14.3,2013,2018,5 year June,10,2018-19,86.4,3016,Common Core Algebra,21,60.1,12,57.1,0,0.0
Manhattan,Hispanic,75.0,15.0,998,13.7,2012,2017,5 year June,9,2017-18,87.6,2457,Common Core Algebra,34,67.0,8,23.5,2,5.9
Manhattan,Hispanic,83.1,36.2,862,12.0,2017,2023,6 year June,10,2023-24,83.3,3634,Common Core Algebra,33,57.6,24,72.7,1,3.0
Manhattan,Hispanic,81.6,29.4,898,12.3,2016,2022,6 year June,10,2022-23,83.6,3512,Common Core Algebra,27,60.9,14,51.9,1,3.7
Manhattan,Hispanic,80.7,18.0,889,12.4,2015,2021,6 year June,10,2021-22,81.4,3855,Common Core English,14,62.6,6,42.9,3,21.4
Manhattan,Hispanic,78.5,17.0,1110,15.1,2014,2020,6 year June,10,2020-21,80.0,3512,Common Core Algebra,26,64.3,11,42.3,0,0.0
Manhattan,Hispanic,77.1,15.9,1175,16.3,2013,2019,6 year June,10,2019-20,86.2,2926,Common Core Algebra,70,69.1,19,27.1,4,5.7
Manhattan,Hispanic,77.5,14.5,1129,15.5,2012,2018,6 year June,10,2018-19,86.4,3016,Common Core Algebra,21,60.1,12,57.1,0,0.0
Manhattan,White,93.5,48.1,35,1.6,2019,2023,4 year August,10,2023-24,92.0,437,Common Core Geometry,9,78.2,1,11.1,5,55.6
Manhattan,White,91.1,55.3,38,1.7,2018,2022,4 year August,10,2022-23,92.2,455,Common Core English,7,79.4,1,14.3,4,57.1
Manhattan,White,91.7,52.5,33,1.5,2017,2021,4 year August,10,2021-22,91.8,493,Common Core English,7,89.1,0,0.0,6,85.7
Manhattan,White,91.0,48.2,47,2.3,2016,2020,4 year August,10,2020-21,92.5,392,Common Core English,6,82.5,0,0.0,4,66.7
Manhattan,White,88.6,43.1,42,2.0,2015,2019,4 year August,10,2019-20,94.1,340,Common Core Algebra2,7,65.9,2,28.6,1,14.3
Manhattan,White,88.5,40.5,49,2.5,2014,2018,4 year August,10,2018-19,94.1,308,Common Core Geometry,6,65.5,2,33.3,1,16.7
Manhattan,White,85.7,43.9,68,3.7,2013,2017,4 year August,9,2017-18,93.4,162,Common Core Algebra,8,81.3,1,12.5,7,87.5
Manhattan,White,86.8,42.6,44,2.3,2012,2016,4 year August,9,2016-17,94.1,109,Common Core Algebra,6,69.0,2,33.3,1,16.7
Manhattan,White,92.3,48.4,36,1.6,2019,2023,4 year June,10,2023-24,92.0,437,Common Core Geometry,9,78.2,1,11.1,5,55.6
Manhattan,White,90.0,55.5,38,1.7,2018,2022,4 year June,10,2022-23,92.2,455,Common Core English,7,79.4,1,14.3,4,57.1
Manhattan,White,90.3,53.2,33,1.5,2017,2021,4 year June,10,2021-22,91.8,493,Common Core English,7,89.1,0,0.0,6,85.7
Manhattan,White,90.5,48.4,48,2.3,2016,2020,4 year June,10,2020-21,92.5,392,Common Core English,6,82.5,0,0.0,4,66.7
Manhattan,White,87.5,43.5,42,2.0,2015,2019,4 year June,10,2019-20,94.1,340,Common Core Algebra2,7,65.9,2,28.6,1,14.3
Manhattan,White,87.0,41.1,49,2.5,2014,2018,4 year June,10,2018-19,94.1,308,Common Core Geometry,6,65.5,2,33.3,1,16.7
Manhattan,White,84.5,44.3,68,3.7,2013,2017,4 year June,9,2017-18,93.4,162,Common Core Algebra,8,81.3,1,12.5,7,87.5
Manhattan,White,85.3,43.2,44,2.3,2012,2016,4 year June,9,2016-17,94.1,109,Common Core Algebra,6,69.0,2,33.3,1,16.7
Manhattan,White,92.9,54.6,55,2.5,2018,2023,5 year August,10,2023-24,92.0,437,Common Core Geometry,9,78.2,1,11.1,5,55.6
Manhattan,White,93.4,52.2,59,2.7,2017,2022,5 year August,10,2022-23,92.2,455,Common Core English,7,79.4,1,14.3,4,57.1
Manhattan,White,92.9,47.0,60,2.9,2016,2021,5 year August,10,2021-22,91.8,493,Common Core English,7,89.1,0,0.0,6,85.7
Manhattan,White,90.7,42.1,62,3.0,2015,2020,5 year August,10,2020-21,92.5,392,Common Core English,6,82.5,0,0.0,4,66.7
Manhattan,White,90.1,39.7,67,3.5,2014,2019,5 year August,10,2019-20,94.1,340,Common Core Algebra2,7,65.9,2,28.6,1,14.3
Manhattan,White,87.3,42.9,95,5.1,2013,2018,5 year August,10,2018-19,94.1,308,Common Core Geometry,6,65.5,2,33.3,1,16.7
Manhattan,White,88.0,41.6,73,3.8,2012,2017,5 year August,9,2017-18,93.4,162,Common Core Algebra,8,81.3,1,12.5,7,87.5
Manhattan,White,92.8,54.6,55,2.5,2018,2023,5 year June,10,2023-24,92.0,437,Common Core Geometry,9,78.2,1,11.1,5,55.6
Manhattan,White,93.3,52.3,59,2.7,2017,2022,5 year June,10,2022-23,92.2,455,Common Core English,7,79.4,1,14.3,4,57.1
Manhattan,White,92.8,47.0,60,2.9,2016,2021,5 year June,10,2021-22,91.8,493,Common Core English,7,89.1,0,0.0,6,85.7
Manhattan,White,90.6,42.1,63,3.1,2015,2020,5 year June,10,2020-21,92.5,392,Common Core English,6,82.5,0,0.0,4,66.7
Manhattan,White,90.0,39.8,67,3.5,2014,2019,5 year June,10,2019-20,94.1,340,Common Core Algebra2,7,65.9,2,28.6,1,14.3
Manhattan,White,87.0,43.0,95,5.1,2013,2018,5 year June,10,2018-19,94.1,308,Common Core Geometry,6,65.5,2,33.3,1,16.7
Manhattan,White,87.7,41.7,73,3.8,2012,2017,5 year June,9,2017-18,93.4,162,Common Core Algebra,8,81.3,1,12.5,7,87.5
Manhattan,White,93.8,52.0,66,3.0,2017,2023,6 year June,10,2023-24,92.0,437,Common Core Geometry,9,78.2,1,11.1,5,55.6
Manhattan,White,93.5,47.0,70,3.4,2016,2022,6 year June,10,2022-23,92.2,455,Common Core English,7,79.4,1,14.3,4,57.1
Manhattan,White,91.8,41.8,69,3.4,2015,2021,6 year June,10,2021-22,91.8,493,Common Core English,7,89.1,0,0.0,6,85.7
Manhattan,White,90.8,39.5,72,3.7,2014,2020,6 year June,10,2020-21,92.5,392,Common Core English,6,82.5,0,0.0,4,66.7
Manhattan,White,88.3,42.6,104,5.6,2013,2019,6 year June,10,2019-20,94.1,340,Common Core Algebra2,7,65.9,2,28.6,1,14.3
Manhattan,White,88.5,41.2,86,4.5,2012,2018,6 year June,10,2018-19,94.1,308,Common Core Geometry,6,65.5,2,33.3,1,16.7
Queens,Asian,92.0,52.1,138,2.7,2019,2023,4 year August,10,2023-24,92.3,1144,Common Core Algebra,12,75.3,2,16.7,5,41.7
Queens,Asian,91.6,60.3,176,3.3,2018,2022,4 year August,10,2022-23,92.5,1119,Common Core Algebra,26,75.5,3,11.5,7,26.9
Queens,Asian,90.4,66.0,208,3.8,2017,2021,4 year August,10,2021-22,91.0,1303,Common Core English,6,93.3,0,0.0,6,100.0
Queens,Asian,88.8,61.6,235,4.4,2016,2020,4 year August,10,2020-21,92.3,980,Common Core Algebra,23,66.9,9,39.1,7,30.4
Queens,Asian,87.5,47.0,236,4.4,2015,2019,4 year August,10,2019-20,93.3,996,Common Core Algebra,23,64.0,13,56.5,2,8.7
Queens,Asian,86.9,49.0,237,4.1,2014,2018,4 year August,10,2018-19,92.6,1026,Common Core Algebra,31,63.5,15,48.4,5,16.1
Queens,Asian,86.8,46.9,226,4.2,2013,2017,4 year August,9,2017-18,92.5,961,Common Core Algebra,39,73.8,7,17.9,11,28.2
Queens,Asian,84.6,44.9,280,5.3,2012,2016,4 year August,9,2016-17,93.2,845,Common Core Algebra,29,73.4,10,34.5,13,44.8
Queens,Asian,89.8,53.2,140,2.7,2019,2023,4 year June,10,2023-24,92.3,1144,Common Core Algebra,12,75.3,2,16.7,5,41.7
Queens,Asian,89.4,61.4,178,3.3,2018,2022,4 year June,10,2022-23,92.5,1119,Common Core Algebra,26,75.5,3,11.5,7,26.9
Queens,Asian,88.3,65.9,209,3.8,2017,2021,4 year June,10,2021-22,91.0,1303,Common Core English,6,93.3,0,0.0,6,100.0
Queens,Asian,86.9,62.7,235,4.4,2016,2020,4 year June,10,2020-21,92.3,980,Common Core Algebra,23,66.9,9,39.1,7,30.4
Queens,Asian,84.4,48.5,238,4.4,2015,2019,4 year June,10,2019-20,93.3,996,Common Core Algebra,23,64.0,13,56.5,2,8.7
Queens,Asian,84.0,50.4,237,4.1,2014,2018,4 year June,10,2018-19,92.6,1026,Common Core Algebra,31,63.5,15,48.4,5,16.1
Queens,Asian,84.4,48.0,226,4.2,2013,2017,4 year June,9,2017-18,92.5,961,Common Core Algebra,39,73.8,7,17.9,11,28.2
Queens,Asian,82.4,45.9,280,5.3,2012,2016,4 year June,9,2016-17,93.2,845,Common Core Algebra,29,73.4,10,34.5,13,44.8
Queens,Asian,92.7,59.8,243,4.5,2018,2023,5 year August,10,2023-24,92.3,1144,Common Core Algebra,12,75.3,2,16.7,5,41.7
Queens,Asian,92.0,65.0,254,4.7,2017,2022,5 year August,10,2022-23,92.5,1119,Common Core Algebra,26,75.5,3,11.5,7,26.9
Queens,Asian,91.2,60.4,284,5.4,2016,2021,5 year August,10,2021-22,91.0,1303,Common Core English,6,93.3,0,0.0,6,100.0
Queens,Asian,91.0,45.5,286,5.3,2015,2020,5 year August,10,2020-21,92.3,980,Common Core Algebra,23,66.9,9,39.1,7,30.4
Queens,Asian,89.6,47.9,393,6.9,2014,2019,5 year August,10,2019-20,93.3,996,Common Core Algebra,23,64.0,13,56.5,2,8.7
Queens,Asian,88.1,44.9,327,6.1,2013,2018,5 year August,10,2018-19,92.6,1026,Common Core Algebra,31,63.5,15,48.4,5,16.1
Queens,Asian,87.9,43.4,363,6.9,2012,2017,5 year August,9,2017-18,92.5,961,Common Core Algebra,39,73.8,7,17.9,11,28.2
Queens,Asian,92.6,59.9,246,4.6,2018,2023,5 year June,10,2023-24,92.3,1144,Common Core Algebra,12,75.3,2,16.7,5,41.7
Queens,Asian,91.8,65.2,258,4.8,2017,2022,5 year June,10,2022-23,92.5,1119,Common Core Algebra,26,75.5,3,11.5,7,26.9
Queens,Asian,90.9,60.5,287,5.4,2016,2021,5 year June,10,2021-22,91.0,1303,Common Core English,6,93.3,0,0.0,6,100.0
Queens,Asian,90.6,45.7,294,5.4,2015,2020,5 year June,10,2020-21,92.3,980,Common Core Algebra,23,66.9,9,39.1,7,30.4
Queens,Asian,89.3,48.0,404,7.0,2014,2019,5 year June,10,2019-20,93.3,996,Common Core Algebra,23,64.0,13,56.5,2,8.7
Queens,Asian,87.7,45.1,328,6.2,2013,2018,5 year June,10,2018-19,92.6,1026,Common Core Algebra,31,63.5,15,48.4,5,16.1
Queens,Asian,87.4,43.6,364,6.9,2012,2017,5 year June,9,2017-18,92.5,961,Common Core Algebra,39,73.8,7,17.9,11,28.2
Queens,Asian,92.1,65.0,279,5.1,2017,2023,6 year June,10,2023-24,92.3,1144,Common Core Algebra,12,75.3,2,16.7,5,41.7
Queens,Asian,91.5,60.2,306,5.8,2016,2022,6 year June,10,2022-23,92.5,1119,Common Core Algebra,26,75.5,3,11.5,7,26.9
Queens,Asian,91.5,45.3,292,5.4,2015,2021,6 year June,10,2021-22,91.0,1303,Common Core English,6,93.3,0,0.0,6,100.0
Queens,Asian,90.5,47.4,383,6.7,2014,2020,6 year June,10,2020-21,92.3,980,Common Core Algebra,23,66.9,9,39.1,7,30.4
Queens,Asian,88.8,44.6,365,6.9,2013,2019,6 year June,10,2019-20,93.3,996,Common Core Algebra,23,64.0,13,56.5,2,8.7
Queens,Asian,88.6,43.1,391,7.4,2012,2018,6 year June,10,2018-19,92.6,1026,Common Core Algebra,31,63.5,15,48.4,5,16.1
Queens,Black,85.2,17.3,115,3.5,2019,2023,4 year August,10,2023-24,86.8,1319,Common Core Algebra,9,72.9,1,11.1,1,11.1
Queens,Black,85.2,30.6,133,3.8,2018,2022,4 year August,10,2022-23,86.9,1318,Common Core Geometry,6,60.3,2,33.3,0,0.0
Queens,Black,83.6,35.2,160,4.5,2017,2021,4 year August,10,2021-22,84.2,1615,Common Core English,15,73.9,3,20.0,6,40.0
Queens,Black,78.9,27.3,211,5.3,2016,2020,4 year August,10,2020-21,84.0,1446,Common Core Algebra,14,59.2,8,57.1,1,7.1
Queens,Black,76.8,13.6,274,6.8,2015,2019,4 year August,10,2019-20,88.4,1247,Common Core Algebra,9,80.0,1,11.1,6,66.7
Queens,Black,74.9,14.3,257,6.1,2014,2018,4 year August,10,2018-19,87.5,1377,Common Core English,10,89.4,0,0.0,10,100.0
Queens,Black,70.2,14.3,298,7.2,2013,2017,4 year August,9,2017-18,87.0,1563,Common Core Algebra,6,70.0,1,16.7,1,16.7
Queens,Black,68.9,14.3,402,9.1,2012,2016,4 year August,9,2016-17,87.0,1564,Algebra2/Trigonometry,7,43.9,7,100.0,0,0.0
Queens,Black,82.6,17.8,115,3.5,2019,2023,4 year June,10,2023-24,86.8,1319,Common Core Algebra,9,72.9,1,11.1,1,11.1
Queens,Black,83.1,31.3,134,3.8,2018,2022,4 year June,10,2022-23,86.9,1318,Common Core Geometry,6,60.3,2,33.3,0,0.0
Queens,Black,81.2,35.9,160,4.5,2017,2021,4 year June,10,2021-22,84.2,1615,Common Core English,15,73.9,3,20.0,6,40.0
Queens,Black,76.9,27.9,211,5.3,2016,2020,4 year June,10,2020-21,84.0,1446,Common Core Algebra,14,59.2,8,57.1,1,7.1
Queens,Black,73.3,14.2,276,6.8,2015,2019,4 year June,10,2019-20,88.4,1247,Common Core Algebra,9,80.0,1,11.1,6,66.7
Queens,Black,71.6,15.0,257,6.1,2014,2018,4 year June,10,2018-19,87.5,1377,Common Core English,10,89.4,0,0.0,10,100.0
Queens,Black,67.3,14.9,298,7.2,2013,2017,4 year June,9,2017-18,87.0,1563,Common Core Algebra,6,70.0,1,16.7,1,16.7
Queens,Black,65.5,15.0,402,9.1,2012,2016,4 year June,9,2016-17,87.0,1564,Algebra2/Trigonometry,7,43.9,7,100.0,0,0.0
Queens,Black,88.3,29.8,182,5.2,2018,2023,5 year August,10,2023-24,86.8,1319,Common Core Algebra,9,72.9,1,11.1,1,11.1
Queens,Black,86.5,34.1,235,6.6,2017,2022,5 year August,10,2022-23,86.9,1318,Common Core Geometry,6,60.3,2,33.3,0,0.0
Queens,Black,83.4,26.0,283,7.2,2016,2021,5 year August,10,2021-22,84.2,1615,Common Core English,15,73.9,3,20.0,6,40.0
Queens,Black,82.0,12.7,379,9.4,2015,2020,5 year August,10,2020-21,84.0,1446,Common Core Algebra,14,59.2,8,57.1,1,7.1
Queens,Black,79.9,13.4,457,10.8,2014,2019,5 year August,10,2019-20,88.4,1247,Common Core Algebra,9,80.0,1,11.1,6,66.7
Queens,Black,76.6,13.4,465,11.4,2013,2018,5 year August,10,2018-19,87.5,1377,Common Core English,10,89.4,0,0.0,10,100.0
Queens,Black,74.8,13.3,538,12.2,2012,2017,5 year August,9,2017-18,87.0,1563,Common Core Algebra,6,70.0,1,16.7,1,16.7
Queens,Black,88.1,29.9,184,5.2,2018,2023,5 year June,10,2023-24,86.8,1319,Common Core Algebra,9,72.9,1,11.1,1,11.1
Queens,Black,86.3,34.2,235,6.6,2017,2022,5 year June,10,2022-23,86.9,1318,Common Core Geometry,6,60.3,2,33.3,0,0.0
Queens,Black,82.9,26.2,283,7.2,2016,2021,5 year June,10,2021-22,84.2,1615,Common Core English,15,73.9,3,20.0,6,40.0
Queens,Black,81.6,12.7,381,9.4,2015,2020,5 year June,10,2020-21,84.0,1446,Common Core Algebra,14,59.2,8,57.1,1,7.1
Queens,Black,79.2,13.5,466,11.0,2014,2019,5 year June,10,2019-20,88.4,1247,Common Core Algebra,9,80.0,1,11.1,6,66.7
Queens,Black,75.9,13.5,465,11.4,2013,2018,5 year June,10,2018-19,87.5,1377,Common Core English,10,89.4,0,0.0,10,100.0
Queens,Black,73.8,13.4,542,12.3,2012,2017,5 year June,9,2017-18,87.0,1563,Common Core Algebra,6,70.0,1,16.7,1,16.7
Queens,Black,87.3,33.9,255,7.2,2017,2023,6 year June,10,2023-24,86.8,1319,Common Core Algebra,9,72.9,1,11.1,1,11.1
Queens,Black,84.7,25.7,322,8.2,2016,2022,6 year June,10,2022-23,86.9,1318,Common Core Geometry,6,60.3,2,33.3,0,0.0
Queens,Black,83.8,12.4,388,9.6,2015,2021,6 year June,10,2021-22,84.2,1615,Common Core English,15,73.9,3,20.0,6,40.0
Queens,Black,81.8,13.1,472,11.1,2014,2020,6 year June,10,2020-21,84.0,1446,Common Core Algebra,14,59.2,8,57.1,1,7.1
Queens,Black,77.9,13.1,544,13.3,2013,2019,6 year June,10,2019-20,88.4,1247,Common Core Algebra,9,80.0,1,11.1,6,66.7
Queens,Black,78.0,13.0,595,13.7,2012,2018,6 year June,10,2018-19,87.5,1377,Common Core English,10,89.4,0,0.0,10,100.0
Queens,Hispanic,83.6,33.0,395,5.1,2019,2023,4 year August,10,2023-24,86.0,3699,Common Core Algebra,72,63.0,28,38.9,3,4.2
Queens,Hispanic,83.3,43.2,387,5.3,2018,2022,4 year August,10,2022-23,86.6,3381,Common Core Algebra,82,64.6,39,47.6,8,9.8
Queens,Hispanic,82.1,49.3,389,5.3,2017,2021,4 year August,10,2021-22,84.5,3518,Common Core Algebra,10,68.2,4,40.0,1,10.0
Queens,Hispanic,78.9,40.0,458,6.3,2016,2020,4 year August,10,2020-21,84.7,3010,Common Core Algebra,41,56.8,32,78.0,1,2.4
Queens,Hispanic,76.5,23.2,580,8.0,2015,2019,4 year August,10,2019-20,88.6,2527,Common Core Algebra,100,62.5,54,54.0,2,2.0
Queens,Hispanic,74.4,21.6,587,8.2,2014,2018,4 year August,10,2018-19,88.0,2506,Common Core Algebra,77,54.4,59,76.6,1,1.3
Queens,Hispanic,73.7,21.7,581,8.2,2013,2017,4 year August,9,2017-18,88.2,2861,Common Core Algebra,98,59.7,61,62.2,2,2.0
Queens,Hispanic,72.6,19.4,658,9.3,2012,2016,4 year August,9,2016-17,88.4,2891,Common Core Algebra,83,58.9,57,68.7,6,7.2
Queens,Hispanic,80.1,34.3,397,5.2,2019,2023,4 year June,10,2023-24,86.0,3699,Common Core Algebra,72,63.0,28,38.9,3,4.2
Queens,Hispanic,80.3,44.6,388,5.4,2018,2022,4 year June,10,2022-23,86.6,3381,Common Core Algebra,82,64.6,39,47.6,8,9.8
Queens,Hispanic,78.2,50.5,390,5.4,2017,2021,4 year June,10,2021-22,84.5,3518,Common Core Algebra,10,68.2,4,40.0,1,10.0
Queens,Hispanic,76.9,40.9,458,6.3,2016,2020,4 year June,10,2020-21,84.7,3010,Common Core Algebra,41,56.8,32,78.0,1,2.4
Queens,Hispanic,72.9,24.3,583,8.0,2015,2019,4 year June,10,2019-20,88.6,2527,Common Core Algebra,100,62.5,54,54.0,2,2.0
Queens,Hispanic,70.8,22.6,587,8.2,2014,2018,4 year June,10,2018-19,88.0,2506,Common Core Algebra,77,54.4,59,76.6,1,1.3
Queens,Hispanic,70.1,22.6,581,8.2,2013,2017,4 year June,9,2017-18,88.2,2861,Common Core Algebra,98,59.7,61,62.2,2,2.0
Queens,Hispanic,69.1,20.3,659,9.4,2012,2016,4 year June,9,2016-17,88.4,2891,Common Core Algebra,83,58.9,57,68.7,6,7.2
Queens,Hispanic,86.1,41.9,579,8.0,2018,2023,5 year August,10,2023-24,86.0,3699,Common Core Algebra,72,63.0,28,38.9,3,4.2
Queens,Hispanic,85.5,47.5,571,7.9,2017,2022,5 year August,10,2022-23,86.6,3381,Common Core Algebra,82,64.6,39,47.6,8,9.8
Queens,Hispanic,83.2,38.3,635,8.7,2016,2021,5 year August,10,2021-22,84.5,3518,Common Core Algebra,10,68.2,4,40.0,1,10.0
Queens,Hispanic,82.3,21.8,747,10.3,2015,2020,5 year August,10,2020-21,84.7,3010,Common Core Algebra,41,56.8,32,78.0,1,2.4
Queens,Hispanic,79.0,20.5,981,13.7,2014,2019,5 year August,10,2019-20,88.6,2527,Common Core Algebra,100,62.5,54,54.0,2,2.0
Queens,Hispanic,77.3,19.8,868,12.3,2013,2018,5 year August,10,2018-19,88.0,2506,Common Core Algebra,77,54.4,59,76.6,1,1.3
Queens,Hispanic,77.3,18.3,897,12.8,2012,2017,5 year August,9,2017-18,88.2,2861,Common Core Algebra,98,59.7,61,62.2,2,2.0
Queens,Hispanic,85.6,42.1,587,8.1,2018,2023,5 year June,10,2023-24,86.0,3699,Common Core Algebra,72,63.0,28,38.9,3,4.2
Queens,Hispanic,85.0,47.8,580,8.0,2017,2022,5 year June,10,2022-23,86.6,3381,Common Core Algebra,82,64.6,39,47.6,8,9.8
Queens,Hispanic,82.5,38.6,643,8.8,2016,2021,5 year June,10,2021-22,84.5,3518,Common Core Algebra,10,68.2,4,40.0,1,10.0
Queens,Hispanic,81.7,21.9,763,10.5,2015,2020,5 year June,10,2020-21,84.7,3010,Common Core Algebra,41,56.8,32,78.0,1,2.4
Queens,Hispanic,78.3,20.6,991,13.9,2014,2019,5 year June,10,2019-20,88.6,2527,Common Core Algebra,100,62.5,54,54.0,2,2.0
Queens,Hispanic,76.5,20.0,871,12.3,2013,2018,5 year June,10,2018-19,88.0,2506,Common Core Algebra,77,54.4,59,76.6,1,1.3
Queens,Hispanic,76.7,18.5,898,12.8,2012,2017,5 year June,9,2017-18,88.2,2861,Common Core Algebra,98,59.7,61,62.2,2,2.0
Queens,Hispanic,86.3,47.1,649,8.9,2017,2023,6 year June,10,2023-24,86.0,3699,Common Core Algebra,72,63.0,28,38.9,3,4.2
Queens,Hispanic,84.3,37.8,706,9.7,2016,2022,6 year June,10,2022-23,86.6,3381,Common Core Algebra,82,64.6,39,47.6,8,9.8
Queens,Hispanic,83.7,21.5,770,10.7,2015,2021,6 year June,10,2021-22,84.5,3518,Common Core Algebra,10,68.2,4,40.0,1,10.0
Queens,Hispanic,81.0,20.0,972,13.6,2014,2020,6 year June,10,2020-21,84.7,3010,Common Core Algebra,41,56.8,32,78.0,1,2.4
Queens,Hispanic,79.1,19.5,994,14.1,2013,2019,6 year June,10,2019-20,88.6,2527,Common Core Algebra,100,62.5,54,54.0,2,2.0
Queens,Hispanic,78.5,18.2,966,13.9,2012,2018,6 year June,10,2018-19,88.0,2506,Common Core Algebra,77,54.4,59,76.6,1,1.3
Queens,White,88.4,47.1,55,2.7,2019,2023,4 year August,10,2023-24,90.2,522,Common Core Algebra,11,74.6,1,9.1,3,27.3
Queens,White,88.0,54.9,60,2.8,2018,2022,4 year August,10,2022-23,89.6,548,Common Core Algebra,13,64.8,6,46.2,2,15.4
Queens,White,88.3,57.5,63,2.6,2017,2021,4 year August,10,2021-22,88.5,705,Physical Settings/Earth Science,6,78.7,1,16.7,3,50.0
Queens,White,86.8,54.8,71,3.1,2016,2020,4 year August,10,2020-21,90.7,483,Common Core English,21,86.7,0,0.0,18,85.7
Queens,White,84.2,38.3,99,4.0,2015,2019,4 year August,10,2019-20,91.6,471,Common Core English,8,64.4,4,50.0,1,12.5
Queens,White,84.5,40.2,100,4.0,2014,2018,4 year August,10,2018-19,91.2,539,Common Core Algebra,8,54.3,6,75.0,0,0.0
Queens,White,83.8,36.1,98,4.1,2013,2017,4 year August,9,2017-18,90.4,491,Common Core Algebra,14,63.9,6,42.9,2,14.3
Queens,White,82.0,33.7,117,5.1,2012,2016,4 year August,9,2016-17,89.4,494,Common Core Algebra,17,71.4,5,29.4,6,35.3
Queens,White,86.7,47.8,55,2.7,2019,2023,4 year June,10,2023-24,90.2,522,Common Core Algebra,11,74.6,1,9.1,3,27.3
Queens,White,85.9,56.2,60,2.8,2018,2022,4 year June,10,2022-23,89.6,548,Common Core Algebra,13,64.8,6,46.2,2,15.4
Queens,White,85.8,58.2,63,2.6,2017,2021,4 year June,10,2021-22,88.5,705,Physical Settings/Earth Science,6,78.7,1,16.7,3,50.0
Queens,White,85.6,55.5,74,3.2,2016,2020,4 year June,10,2020-21,90.7,483,Common Core English,21,86.7,0,0.0,18,85.7
Queens,White,81.2,39.6,99,4.0,2015,2019,4 year June,10,2019-20,91.6,471,Common Core English,8,64.4,4,50.0,1,12.5
Queens,White,82.2,41.2,100,4.0,2014,2018,4 year June,10,2018-19,91.2,539,Common Core Algebra,8,54.3,6,75.0,0,0.0
Queens,White,81.1,37.2,98,4.1,2013,2017,4 year June,9,2017-18,90.4,491,Common Core Algebra,14,63.9,6,42.9,2,14.3
Queens,White,79.9,34.5,117,5.1,2012,2016,4 year June,9,2016-17,89.4,494,Common Core Algebra,17,71.4,5,29.4,6,35.3
Queens,White,89.5,54.2,87,4.1,2018,2023,5 year August,10,2023-24,90.2,522,Common Core Algebra,11,74.6,1,9.1,3,27.3
Queens,White,90.2,57.6,93,3.9,2017,2022,5 year August,10,2022-23,89.6,548,Common Core Algebra,13,64.8,6,46.2,2,15.4
Queens,White,88.9,53.8,101,4.4,2016,2021,5 year August,10,2021-22,88.5,705,Physical Settings/Earth Science,6,78.7,1,16.7,3,50.0
Queens,White,86.9,37.2,134,5.4,2015,2020,5 year August,10,2020-21,90.7,483,Common Core English,21,86.7,0,0.0,18,85.7
Queens,White,86.6,39.1,160,6.3,2014,2019,5 year August,10,2019-20,91.6,471,Common Core English,8,64.4,4,50.0,1,12.5
Queens,White,84.9,34.9,121,5.1,2013,2018,5 year August,10,2018-19,91.2,539,Common Core Algebra,8,54.3,6,75.0,0,0.0
Queens,White,84.3,32.6,162,7.0,2012,2017,5 year August,9,2017-18,90.4,491,Common Core Algebra,14,63.9,6,42.9,2,14.3
Queens,White,89.2,54.4,90,4.2,2018,2023,5 year June,10,2023-24,90.2,522,Common Core Algebra,11,74.6,1,9.1,3,27.3
Queens,White,89.9,57.8,96,4.0,2017,2022,5 year June,10,2022-23,89.6,548,Common Core Algebra,13,64.8,6,46.2,2,15.4
Queens,White,88.8,53.9,101,4.4,2016,2021,5 year June,10,2021-22,88.5,705,Physical Settings/Earth Science,6,78.7,1,16.7,3,50.0
Queens,White,86.5,37.4,136,5.5,2015,2020,5 year June,10,2020-21,90.7,483,Common Core English,21,86.7,0,0.0,18,85.7
Queens,White,86.2,39.3,163,6.4,2014,2019,5 year June,10,2019-20,91.6,471,Common Core English,8,64.4,4,50.0,1,12.5
Queens,White,84.6,35.0,121,5.1,2013,2018,5 year June,10,2018-19,91.2,539,Common Core Algebra,8,54.3,6,75.0,0,0.0
Queens,White,84.1,32.7,162,7.0,2012,2017,5 year June,9,2017-18,90.4,491,Common Core Algebra,14,63.9,6,42.9,2,14.3
Queens,White,90.7,57.4,94,4.0,2017,2023,6 year June,10,2023-24,90.2,522,Common Core Algebra,11,74.6,1,9.1,3,27.3
Queens,White,89.4,53.7,116,5.0,2016,2022,6 year June,10,2022-23,89.6,548,Common Core Algebra,13,64.8,6,46.2,2,15.4
Queens,White,87.9,36.8,136,5.5,2015,2021,6 year June,10,2021-22,88.5,705,Physical Settings/Earth Science,6,78.7,1,16.7,3,50.0
Queens,White,87.8,38.7,159,6.3,2014,2020,6 year June,10,2020-21,90.7,483,Common Core English,21,86.7,0,0.0,18,85.7
Queens,White,85.7,34.5,150,6.3,2013,2019,6 year June,10,2019-20,91.6,471,Common Core English,8,64.4,4,50.0,1,12.5
Queens,White,84.8,32.5,171,7.4,2012,2018,6 year June,10,2018-19,91.2,539,Common Core Algebra,8,54.3,6,75.0,0,0.0
Staten Island,Asian,93.9,66.9,8,1.3,2019,2023,4 year August,10,2023-24,96.5,65,Chinese,23,75.2,6,26.1,9,39.1
Staten Island,Asian,94.7,79.4,12,1.9,2018,2022,4 year August,10,2022-23,96.7,61,Chinese,6,76.2,2,33.3,3,50.0
Staten Island,Asian,94.5,82.3,9,1.5,2017,2021,4 year August,10,2021-22,95.6,93,Common Core Algebra,6,73.7,1,16.7,3,50.0
Staten Island,Asian,95.3,77.6,10,1.7,2016,2020,4 year August,10,2020-21,94.2,73,Common Core English,28,92.9,0,0.0,28,100.0
Staten Island,Asian,94.5,66.5,6,1.3,2015,2019,4 year August,10,2019-20,96.8,47,Chinese,8,81.6,0,0.0,3,37.5
Staten Island,Asian,94.3,65.8,9,1.8,2014,2018,4 year August,10,2018-19,96.3,56,Common Core Algebra,19,79.4,1,5.3,10,52.6
Staten Island,Asian,93.3,65.0,3,0.6,2013,2017,4 year August,9,2017-18,95.6,39,Chinese,6,63.7,3,50.0,1,16.7
Staten Island,Asian,91.9,66.6,9,2.0,2012,2016,4 year August,9,2016-17,94.6,39,Algebra2/Trigonometry,18,68.8,7,38.9,5,27.8
Staten Island,Asian,93.1,67.5,8,1.3,2019,2023,4 year June,10,2023-24,96.5,65,Chinese,23,75.2,6,26.1,9,39.1
Staten Island,Asian,93.7,79.9,12,1.9,2018,2022,4 year June,10,2022-23,96.7,61,Chinese,6,76.2,2,33.3,3,50.0
Staten Island,Asian,92.3,83.5,9,1.5,2017,2021,4 year June,10,2021-22,95.6,93,Common Core Algebra,6,73.7,1,16.7,3,50.0
Staten Island,Asian,94.8,78.1,10,1.7,2016,2020,4 year June,10,2020-21,94.2,73,Common Core English,28,92.9,0,0.0,28,100.0
Staten Island,Asian,94.3,66.7,6,1.3,2015,2019,4 year June,10,2019-20,96.8,47,Chinese,8,81.6,0,0.0,3,37.5
Staten Island,Asian,93.3,66.5,9,1.8,2014,2018,4 year June,10,2018-19,96.3,56,Common Core Algebra,19,79.4,1,5.3,10,52.6
Staten Island,Asian,91.6,65.8,3,0.6,2013,2017,4 year June,9,2017-18,95.6,39,Chinese,6,63.7,3,50.0,1,16.7
Staten Island,Asian,90.8,67.4,9,2.0,2012,2016,4 year June,9,2016-17,94.6,39,Algebra2/Trigonometry,18,68.8,7,38.9,5,27.8
Staten Island,Asian,96.0,78.4,13,2.1,2018,2023,5 year August,10,2023-24,96.5,65,Chinese,23,75.2,6,26.1,9,39.1
Staten Island,Asian,96.2,80.8,13,2.2,2017,2022,5 year August,10,2022-23,96.7,61,Chinese,6,76.2,2,33.3,3,50.0
Staten Island,Asian,96.4,76.9,10,1.7,2016,2021,5 year August,10,2021-22,95.6,93,Common Core Algebra,6,73.7,1,16.7,3,50.0
Staten Island,Asian,95.8,65.8,8,1.7,2015,2020,5 year August,10,2020-21,94.2,73,Common Core English,28,92.9,0,0.0,28,100.0
Staten Island,Asian,95.7,64.9,10,2.0,2014,2019,5 year August,10,2019-20,96.8,47,Chinese,8,81.6,0,0.0,3,37.5
Staten Island,Asian,95.0,63.9,6,1.3,2013,2018,5 year August,10,2018-19,96.3,56,Common Core Algebra,19,79.4,1,5.3,10,52.6
Staten Island,Asian,94.7,64.9,14,3.1,2012,2017,5 year August,9,2017-18,95.6,39,Chinese,6,63.7,3,50.0,1,16.7
Staten Island,Asian,95.7,78.7,13,2.1,2018,2023,5 year June,10,2023-24,96.5,65,Chinese,23,75.2,6,26.1,9,39.1
Staten Island,Asian,96.1,81.0,13,2.2,2017,2022,5 year June,10,2022-23,96.7,61,Chinese,6,76.2,2,33.3,3,50.0
Staten Island,Asian,96.2,77.1,11,1.9,2016,2021,5 year June,10,2021-22,95.6,93,Common Core Algebra,6,73.7,1,16.7,3,50.0
Staten Island,Asian,95.8,65.8,8,1.7,2015,2020,5 year June,10,2020-21,94.2,73,Common Core English,28,92.9,0,0.0,28,100.0
Staten Island,Asian,95.3,65.0,11,2.2,2014,2019,5 year June,10,2019-20,96.8,47,Chinese,8,81.6,0,0.0,3,37.5
Staten Island,Asian,94.4,64.3,6,1.3,2013,2018,5 year June,10,2018-19,96.3,56,Common Core Algebra,19,79.4,1,5.3,10,52.6
Staten Island,Asian,94.5,65.0,14,3.1,2012,2017,5 year June,9,2017-18,95.6,39,Chinese,6,63.7,3,50.0,1,16.7
Staten Island,Asian,96.4,80.7,14,2.4,2017,2023,6 year June,10,2023-24,96.5,65,Chinese,23,75.2,6,26.1,9,39.1
Staten Island,Asian,96.5,76.8,11,1.9,2016,2022,6 year June,10,2022-23,96.7,61,Chinese,6,76.2,2,33.3,3,50.0
Staten Island,Asian,96.2,65.4,10,2.1,2015,2021,6 year June,10,2021-22,95.6,93,Common Core Algebra,6,73.7,1,16.7,3,50.0
Staten Island,Asian,95.8,64.9,11,2.2,2014,2020,6 year June,10,2020-21,94.2,73,Common Core English,28,92.9,0,0.0,28,100.0
Staten Island,Asian,95.7,63.4,6,1.3,2013,2019,6 year June,10,2019-20,96.8,47,Chinese,8,81.6,0,0.0,3,37.5
Staten Island,Asian,95.6,64.7,12,2.6,2012,2018,6 year June,10,2018-19,96.3,56,Common Core Algebra,19,79.4,1,5.3,10,52.6
Staten Island,Black,77.2,30.0,52,8.8,2019,2023,4 year August,10,2023-24,83.7,270,Common Core Algebra,11,57.8,8,72.7,1,9.1
Staten Island,Black,74.5,39.2,49,7.6,2018,2022,4 year August,10,2022-23,82.2,317,Global History and Geography,7,69.7,2,28.6,0,0.0
Staten Island,Black,72.4,37.4,44,7.1,2017,2021,4 year August,10,2021-22,79.5,339,Common Core Algebra,14,61.6,8,57.1,1,7.1
Staten Island,Black,68.7,35.3,54,8.2,2016,2020,4 year August,10,2020-21,70.9,410,Common Core Algebra,13,46.8,12,92.3,0,0.0
Staten Island,Black,72.2,16.5,54,8.4,2015,2019,4 year August,10,2019-20,86.1,301,Common Core English,10,74.2,1,10.0,5,50.0
Staten Island,Black,64.9,17.0,78,11.3,2014,2018,4 year August,10,2018-19,82.5,311,Common Core Algebra,12,63.9,4,33.3,1,8.3
Staten Island,Black,65.6,16.6,81,11.9,2013,2017,4 year August,9,2017-18,81.0,375,Common Core Algebra,10,76.8,0,0.0,4,40.0
Staten Island,Black,67.8,15.8,72,10.3,2012,2016,4 year August,9,2016-17,80.3,443,Common Core English,14,86.4,0,0.0,11,78.6
Staten Island,Black,74.5,30.9,52,8.8,2019,2023,4 year June,10,2023-24,83.7,270,Common Core Algebra,11,57.8,8,72.7,1,9.1
Staten Island,Black,72.3,40.2,49,7.6,2018,2022,4 year June,10,2022-23,82.2,317,Global History and Geography,7,69.7,2,28.6,0,0.0
Staten Island,Black,67.6,39.6,44,7.1,2017,2021,4 year June,10,2021-22,79.5,339,Common Core Algebra,14,61.6,8,57.1,1,7.1
Staten Island,Black,67.0,36.0,54,8.2,2016,2020,4 year June,10,2020-21,70.9,410,Common Core Algebra,13,46.8,12,92.3,0,0.0
Staten Island,Black,70.2,16.9,54,8.4,2015,2019,4 year June,10,2019-20,86.1,301,Common Core English,10,74.2,1,10.0,5,50.0
Staten Island,Black,62.1,17.8,78,11.3,2014,2018,4 year June,10,2018-19,82.5,311,Common Core Algebra,12,63.9,4,33.3,1,8.3
Staten Island,Black,64.5,16.9,81,11.9,2013,2017,4 year June,9,2017-18,81.0,375,Common Core Algebra,10,76.8,0,0.0,4,40.0
Staten Island,Black,65.8,16.2,72,10.3,2012,2016,4 year June,9,2016-17,80.3,443,Common Core English,14,86.4,0,0.0,11,78.6
Staten Island,Black,79.2,37.8,74,11.7,2018,2023,5 year August,10,2023-24,83.7,270,Common Core Algebra,11,57.8,8,72.7,1,9.1
Staten Island,Black,77.7,35.2,93,15.1,2017,2022,5 year August,10,2022-23,82.2,317,Global History and Geography,7,69.7,2,28.6,0,0.0
Staten Island,Black,75.4,32.4,90,13.8,2016,2021,5 year August,10,2021-22,79.5,339,Common Core Algebra,14,61.6,8,57.1,1,7.1
Staten Island,Black,76.8,15.7,74,11.6,2015,2020,5 year August,10,2020-21,70.9,410,Common Core Algebra,13,46.8,12,92.3,0,0.0
Staten Island,Black,71.4,15.9,125,18.5,2014,2019,5 year August,10,2019-20,86.1,301,Common Core English,10,74.2,1,10.0,5,50.0
Staten Island,Black,70.9,15.5,104,15.5,2013,2018,5 year August,10,2018-19,82.5,311,Common Core Algebra,12,63.9,4,33.3,1,8.3
Staten Island,Black,73.7,14.8,98,14.2,2012,2017,5 year August,9,2017-18,81.0,375,Common Core Algebra,10,76.8,0,0.0,4,40.0
Staten Island,Black,78.6,38.1,74,11.7,2018,2023,5 year June,10,2023-24,83.7,270,Common Core Algebra,11,57.8,8,72.7,1,9.1
Staten Island,Black,77.2,35.4,94,15.3,2017,2022,5 year June,10,2022-23,82.2,317,Global History and Geography,7,69.7,2,28.6,0,0.0
Staten Island,Black,74.9,32.6,90,13.8,2016,2021,5 year June,10,2021-22,79.5,339,Common Core Algebra,14,61.6,8,57.1,1,7.1
Staten Island,Black,76.5,15.8,74,11.6,2015,2020,5 year June,10,2020-21,70.9,410,Common Core Algebra,13,46.8,12,92.3,0,0.0
Staten Island,Black,70.9,15.9,125,18.5,2014,2019,5 year June,10,2019-20,86.1,301,Common Core English,10,74.2,1,10.0,5,50.0
Staten Island,Black,70.5,15.6,104,15.5,2013,2018,5 year June,10,2018-19,82.5,311,Common Core Algebra,12,63.9,4,33.3,1,8.3
Staten Island,Black,73.6,14.8,98,14.2,2012,2017,5 year June,9,2017-18,81.0,375,Common Core Algebra,10,76.8,0,0.0,4,40.0
Staten Island,Black,79.8,34.4,96,15.7,2017,2023,6 year June,10,2023-24,83.7,270,Common Core Algebra,11,57.8,8,72.7,1,9.1
Staten Island,Black,77.0,31.8,101,15.6,2016,2022,6 year June,10,2022-23,82.2,317,Global History and Geography,7,69.7,2,28.6,0,0.0
Staten Island,Black,78.5,15.4,85,13.3,2015,2021,6 year June,10,2021-22,79.5,339,Common Core Algebra,14,61.6,8,57.1,1,7.1
Staten Island,Black,74.2,15.4,118,17.5,2014,2020,6 year June,10,2020-21,70.9,410,Common Core Algebra,13,46.8,12,92.3,0,0.0
Staten Island,Black,73.3,15.4,113,17.2,2013,2019,6 year June,10,2019-20,86.1,301,Common Core English,10,74.2,1,10.0,5,50.0
Staten Island,Black,76.5,14.3,107,15.6,2012,2018,6 year June,10,2018-19,82.5,311,Common Core Algebra,12,63.9,4,33.3,1,8.3
Staten Island,Hispanic,79.0,30.7,90,6.6,2019,2023,4 year August,10,2023-24,87.3,612,Common Core Algebra,32,69.8,9,28.1,14,43.8
Staten Island,Hispanic,78.2,46.1,90,7.5,2018,2022,4 year August,10,2022-23,86.8,598,Common Core Algebra,37,65.6,19,51.4,8,21.6
Staten Island,Hispanic,78.0,46.4,80,6.5,2017,2021,4 year August,10,2021-22,85.1,723,Physical Settings/Earth Science,7,56.0,4,57.1,3,42.9
Staten Island,Hispanic,74.8,40.4,77,6.3,2016,2020,4 year August,10,2020-21,78.4,695,Common Core English,32,89.7,1,3.1,30,93.8
Staten Island,Hispanic,72.2,23.6,98,8.7,2015,2019,4 year August,10,2019-20,87.1,470,Common Core Algebra,20,81.1,1,5.0,13,65.0
Staten Island,Hispanic,70.2,20.0,102,8.7,2014,2018,4 year August,10,2018-19,86.1,533,Common Core Algebra,24,74.9,3,12.5,9,37.5
Staten Island,Hispanic,69.5,20.1,125,10.8,2013,2017,4 year August,9,2017-18,86.1,577,Common Core Algebra,17,75.4,2,11.8,5,29.4
Staten Island,Hispanic,69.6,15.6,119,10.3,2012,2016,4 year August,9,2016-17,84.9,644,Algebra2/Trigonometry,17,49.6,15,88.2,0,0.0
Staten Island,Hispanic,77.4,31.3,90,6.6,2019,2023,4 year June,10,2023-24,87.3,612,Common Core Algebra,32,69.8,9,28.1,14,43.8
Staten Island,Hispanic,76.4,46.8,90,7.5,2018,2022,4 year June,10,2022-23,86.8,598,Common Core Algebra,37,65.6,19,51.4,8,21.6
Staten Island,Hispanic,74.5,47.9,82,6.7,2017,2021,4 year June,10,2021-22,85.1,723,Physical Settings/Earth Science,7,56.0,4,57.1,3,42.9
Staten Island,Hispanic,73.1,41.3,77,6.3,2016,2020,4 year June,10,2020-21,78.4,695,Common Core English,32,89.7,1,3.1,30,93.8
Staten Island,Hispanic,68.8,24.6,98,8.7,2015,2019,4 year June,10,2019-20,87.1,470,Common Core Algebra,20,81.1,1,5.0,13,65.0
Staten Island,Hispanic,67.3,20.9,102,8.7,2014,2018,4 year June,10,2018-19,86.1,533,Common Core Algebra,24,74.9,3,12.5,9,37.5
Staten Island,Hispanic,67.0,20.9,125,10.8,2013,2017,4 year June,9,2017-18,86.1,577,Common Core Algebra,17,75.4,2,11.8,5,29.4
Staten Island,Hispanic,67.1,16.2,119,10.3,2012,2016,4 year June,9,2016-17,84.9,644,Algebra2/Trigonometry,17,49.6,15,88.2,0,0.0
Staten Island,Hispanic,81.6,44.3,128,10.7,2018,2023,5 year August,10,2023-24,87.3,612,Common Core Algebra,32,69.8,9,28.1,14,43.8
Staten Island,Hispanic,82.5,44.5,125,10.3,2017,2022,5 year August,10,2022-23,86.8,598,Common Core Algebra,37,65.6,19,51.4,8,21.6
Staten Island,Hispanic,79.4,38.3,126,10.3,2016,2021,5 year August,10,2021-22,85.1,723,Physical Settings/Earth Science,7,56.0,4,57.1,3,42.9
Staten Island,Hispanic,78.5,21.8,128,11.3,2015,2020,5 year August,10,2020-21,78.4,695,Common Core English,32,89.7,1,3.1,30,93.8
Staten Island,Hispanic,74.7,18.8,165,14.0,2014,2019,5 year August,10,2019-20,87.1,470,Common Core Algebra,20,81.1,1,5.0,13,65.0
Staten Island,Hispanic,74.0,19.1,176,15.3,2013,2018,5 year August,10,2018-19,86.1,533,Common Core Algebra,24,74.9,3,12.5,9,37.5
Staten Island,Hispanic,74.6,14.6,161,14.0,2012,2017,5 year August,9,2017-18,86.1,577,Common Core Algebra,17,75.4,2,11.8,5,29.4
Staten Island,Hispanic,81.1,44.6,128,10.7,2018,2023,5 year June,10,2023-24,87.3,612,Common Core Algebra,32,69.8,9,28.1,14,43.8
Staten Island,Hispanic,82.2,44.6,125,10.3,2017,2022,5 year June,10,2022-23,86.8,598,Common Core Algebra,37,65.6,19,51.4,8,21.6
Staten Island,Hispanic,78.5,38.7,127,10.4,2016,2021,5 year June,10,2021-22,85.1,723,Physical Settings/Earth Science,7,56.0,4,57.1,3,42.9
Staten Island,Hispanic,77.5,22.1,133,11.8,2015,2020,5 year June,10,2020-21,78.4,695,Common Core English,32,89.7,1,3.1,30,93.8
Staten Island,Hispanic,74.1,18.9,165,14.0,2014,2019,5 year June,10,2019-20,87.1,470,Common Core Algebra,20,81.1,1,5.0,13,65.0
Staten Island,Hispanic,73.4,19.3,176,15.3,2013,2018,5 year June,10,2018-19,86.1,533,Common Core Algebra,24,74.9,3,12.5,9,37.5
Staten Island,Hispanic,74.0,14.7,161,14.0,2012,2017,5 year June,9,2017-18,86.1,577,Common Core Algebra,17,75.4,2,11.8,5,29.4
Staten Island,Hispanic,83.4,44.0,136,11.2,2017,2023,6 year June,10,2023-24,87.3,612,Common Core Algebra,32,69.8,9,28.1,14,43.8
Staten Island,Hispanic,80.9,37.5,146,11.9,2016,2022,6 year June,10,2022-23,86.8,598,Common Core Algebra,37,65.6,19,51.4,8,21.6
Staten Island,Hispanic,80.1,21.3,147,13.0,2015,2021,6 year June,10,2021-22,85.1,723,Physical Settings/Earth Science,7,56.0,4,57.1,3,42.9
Staten Island,Hispanic,77.1,18.2,172,14.6,2014,2020,6 year June,10,2020-21,78.4,695,Common Core English,32,89.7,1,3.1,30,93.8
Staten Island,Hispanic,76.3,18.5,197,17.1,2013,2019,6 year June,10,2019-20,87.1,470,Common Core Algebra,20,81.1,1,5.0,13,65.0
Staten Island,Hispanic,76.0,14.3,167,14.5,2012,2018,6 year June,10,2018-19,86.1,533,Common Core Algebra,24,74.9,3,12.5,9,37.5
Staten Island,White,92.7,40.8,34,1.8,2019,2023,4 year August,10,2023-24,92.3,329,Chinese,13,53.5,10,76.9,0,0.0
Staten Island,White,92.4,69.3,37,1.8,2018,2022,4 year August,10,2022-23,92.5,392,Chinese,9,70.2,3,33.3,2,22.2
Staten Island,White,92.4,65.9,35,1.6,2017,2021,4 year August,10,2021-22,89.6,580,Physical Settings/Earth Science,12,67.7,5,41.7,3,25.0
Staten Island,White,92.5,57.9,39,1.8,2016,2020,4 year August,10,2020-21,90.8,422,Common Core English,53,90.6,1,1.9,49,92.5
Staten Island,White,89.4,40.3,61,2.9,2015,2019,4 year August,10,2019-20,92.7,405,Chinese,6,50.5,5,83.3,0,0.0
Staten Island,White,88.5,38.9,63,2.8,2014,2018,4 year August,10,2018-19,92.8,430,Chinese,9,63.7,5,55.6,1,11.1
Staten Island,White,87.6,35.3,64,2.8,2013,2017,4 year August,9,2017-18,91.2,404,Chinese,11,54.6,9,81.8,0,0.0
Staten Island,White,85.9,34.9,87,4.0,2012,2016,4 year August,9,2016-17,91.4,426,Algebra2/Trigonometry,58,48.9,49,84.5,0,0.0
Staten Island,White,91.4,41.4,35,1.8,2019,2023,4 year June,10,2023-24,92.3,329,Chinese,13,53.5,10,76.9,0,0.0
Staten Island,White,91.7,69.8,37,1.8,2018,2022,4 year June,10,2022-23,92.5,392,Chinese,9,70.2,3,33.3,2,22.2
Staten Island,White,91.0,66.8,35,1.6,2017,2021,4 year June,10,2021-22,89.6,580,Physical Settings/Earth Science,12,67.7,5,41.7,3,25.0
Staten Island,White,91.8,58.1,39,1.8,2016,2020,4 year June,10,2020-21,90.8,422,Common Core English,53,90.6,1,1.9,49,92.5
Staten Island,White,88.3,40.8,61,2.9,2015,2019,4 year June,10,2019-20,92.7,405,Chinese,6,50.5,5,83.3,0,0.0
Staten Island,White,87.5,39.3,63,2.8,2014,2018,4 year June,10,2018-19,92.8,430,Chinese,9,63.7,5,55.6,1,11.1
Staten Island,White,86.5,35.7,64,2.8,2013,2017,4 year June,9,2017-18,91.2,404,Chinese,11,54.6,9,81.8,0,0.0
Staten Island,White,84.1,35.7,87,4.0,2012,2016,4 year June,9,2016-17,91.4,426,Algebra2/Trigonometry,58,48.9,49,84.5,0,0.0
Staten Island,White,93.3,68.9,60,3.0,2018,2023,5 year August,10,2023-24,92.3,329,Chinese,13,53.5,10,76.9,0,0.0
Staten Island,White,93.6,65.5,67,3.1,2017,2022,5 year August,10,2022-23,92.5,392,Chinese,9,70.2,3,33.3,2,22.2
Staten Island,White,94.0,57.2,63,2.9,2016,2021,5 year August,10,2021-22,89.6,580,Physical Settings/Earth Science,12,67.7,5,41.7,3,25.0
Staten Island,White,91.1,39.6,81,3.8,2015,2020,5 year August,10,2020-21,90.8,422,Common Core English,53,90.6,1,1.9,49,92.5
Staten Island,White,90.5,38.0,110,4.9,2014,2019,5 year August,10,2019-20,92.7,405,Chinese,6,50.5,5,83.3,0,0.0
Staten Island,White,89.7,34.4,108,4.7,2013,2018,5 year August,10,2018-19,92.8,430,Chinese,9,63.7,5,55.6,1,11.1
Staten Island,White,87.9,33.9,128,5.8,2012,2017,5 year August,9,2017-18,91.2,404,Chinese,11,54.6,9,81.8,0,0.0
Staten Island,White,93.2,68.9,60,3.0,2018,2023,5 year June,10,2023-24,92.3,329,Chinese,13,53.5,10,76.9,0,0.0
Staten Island,White,93.4,65.6,67,3.1,2017,2022,5 year June,10,2022-23,92.5,392,Chinese,9,70.2,3,33.3,2,22.2
Staten Island,White,93.8,57.3,63,2.9,2016,2021,5 year June,10,2021-22,89.6,580,Physical Settings/Earth Science,12,67.7,5,41.7,3,25.0
Staten Island,White,90.9,39.7,82,3.9,2015,2020,5 year June,10,2020-21,90.8,422,Common Core English,53,90.6,1,1.9,49,92.5
Staten Island,White,90.3,38.1,111,5.0,2014,2019,5 year June,10,2019-20,92.7,405,Chinese,6,50.5,5,83.3,0,0.0
Staten Island,White,89.5,34.5,108,4.7,2013,2018,5 year June,10,2018-19,92.8,430,Chinese,9,63.7,5,55.6,1,11.1
Staten Island,White,87.9,33.9,128,5.8,2012,2017,5 year June,9,2017-18,91.2,404,Chinese,11,54.6,9,81.8,0,0.0
Staten Island,White,94.0,65.3,66,3.0,2017,2023,6 year June,10,2023-24,92.3,329,Chinese,13,53.5,10,76.9,0,0.0
Staten Island,White,94.1,57.1,69,3.2,2016,2022,6 year June,10,2022-23,92.5,392,Chinese,9,70.2,3,33.3,2,22.2
Staten Island,White,91.6,39.4,81,3.8,2015,2021,6 year June,10,2021-22,89.6,580,Physical Settings/Earth Science,12,67.7,5,41.7,3,25.0
Staten Island,White,91.0,37.8,108,4.8,2014,2020,6 year June,10,2020-21,90.8,422,Common Core English,53,90.6,1,1.9,49,92.5
Staten Island,White,90.2,34.2,115,5.0,2013,2019,6 year June,10,2019-20,92.7,405,Chinese,6,50.5,5,83.3,0,0.0
Staten Island,White,88.5,33.6,138,6.2,2012,2018,6 year June,10,2018-19,92.8,430,Chinese,9,63.7,5,55.6,1,11.1
Bronx,Female,84.8,27.9,358,6.2,2018,2022,4 year August,9,2022-23,86.1,2485,Common Core Algebra,145,57.0,96,66.2,3,2.1
Bronx,Female,82.7,30.7,357,5.8,2017,2021,4 year August,10,2021-22,83.1,3055,Common Core English,7,75.1,1,14.3,2,28.6
Bronx,Female,79.3,24.3,482,7.6,2016,2020,4 year August,10,2020-21,85.3,2508,Common Core Algebra,68,54.3,51,75.0,0,0.0
Bronx,Female,75.2,16.2,719,10.9,2015,2019,4 year August,10,2019-20,86.7,2455,Common Core Algebra,164,59.6,101,61.6,3,1.8
Bronx,Female,73.0,17.1,686,10.5,2014,2018,4 year August,10,2018-19,85.2,2822,Common Core Algebra,170,57.5,118,69.4,0,0.0
Bronx,Female,71.3,17.8,644,10.1,2013,2017,4 year August,9,2017-18,84.4,2803,Common Core Algebra,174,60.9,92,52.9,1,0.6
Bronx,Female,69.5,16.8,711,10.9,2012,2016,4 year August,9,2016-17,84.1,2852,Algebra2/Trigonometry,9,38.6,9,100.0,0,0.0
Bronx,Female,83.2,28.4,360,6.2,2018,2022,4 year June,9,2022-23,86.1,2485,Common Core Algebra,145,57.0,96,66.2,3,2.1
Bronx,Female,80.6,31.4,358,5.8,2017,2021,4 year June,10,2021-22,83.1,3055,Common Core English,7,75.1,1,14.3,2,28.6
Bronx,Female,77.7,24.8,489,7.7,2016,2020,4 year June,10,2020-21,85.3,2508,Common Core Algebra,68,54.3,51,75.0,0,0.0
Bronx,Female,71.4,17.0,726,11.0,2015,2019,4 year June,10,2019-20,86.7,2455,Common Core Algebra,164,59.6,101,61.6,3,1.8
Bronx,Female,69.3,17.9,686,10.5,2014,2018,4 year June,10,2018-19,85.2,2822,Common Core Algebra,170,57.5,118,69.4,0,0.0
Bronx,Female,68.4,18.6,644,10.1,2013,2017,4 year June,9,2017-18,84.4,2803,Common Core Algebra,174,60.9,92,52.9,1,0.6
Bronx,Female,66.9,17.5,711,10.9,2012,2016,4 year June,9,2016-17,84.1,2852,Algebra2/Trigonometry,9,38.6,9,100.0,0,0.0
Bronx,Female,85.5,29.8,523,8.5,2017,2022,5 year August,9,2022-23,86.1,2485,Common Core Algebra,145,57.0,96,66.2,3,2.1
Bronx,Female,83.7,23.2,621,9.8,2016,2021,5 year August,10,2021-22,83.1,3055,Common Core English,7,75.1,1,14.3,2,28.6
Bronx,Female,80.1,15.2,853,12.9,2015,2020,5 year August,10,2020-21,85.3,2508,Common Core Algebra,68,54.3,51,75.0,0,0.0
Bronx,Female,77.6,16.1,1019,15.7,2014,2019,5 year August,10,2019-20,86.7,2455,Common Core Algebra,164,59.6,101,61.6,3,1.8
Bronx,Female,76.1,16.9,900,14.2,2013,2018,5 year August,10,2018-19,85.2,2822,Common Core Algebra,170,57.5,118,69.4,0,0.0
Bronx,Female,74.7,15.6,956,14.7,2012,2017,5 year August,9,2017-18,84.4,2803,Common Core Algebra,174,60.9,92,52.9,1,0.6
Bronx,Female,85.3,29.9,529,8.6,2017,2022,5 year June,9,2022-23,86.1,2485,Common Core Algebra,145,57.0,96,66.2,3,2.1
Bronx,Female,83.5,23.2,622,9.9,2016,2021,5 year June,10,2021-22,83.1,3055,Common Core English,7,75.1,1,14.3,2,28.6
Bronx,Female,79.6,15.3,866,13.1,2015,2020,5 year June,10,2020-21,85.3,2508,Common Core Algebra,68,54.3,51,75.0,0,0.0
Bronx,Female,77.0,16.3,1028,15.9,2014,2019,5 year June,10,2019-20,86.7,2455,Common Core Algebra,164,59.6,101,61.6,3,1.8
Bronx,Female,75.6,17.0,901,14.2,2013,2018,5 year June,10,2018-19,85.2,2822,Common Core Algebra,170,57.5,118,69.4,0,0.0
Bronx,Female,74.1,15.8,960,14.7,2012,2017,5 year June,9,2017-18,84.4,2803,Common Core Algebra,174,60.9,92,52.9,1,0.6
Bronx,Female,86.3,29.6,545,8.9,2017,2023,6 year June,10,2023-24,85.8,2536,Common Core Algebra,141,59.6,85,60.3,0,0.0
Bronx,Female,84.8,22.9,710,11.3,2016,2022,6 year June,9,2022-23,86.1,2485,Common Core Algebra,145,57.0,96,66.2,3,2.1
Bronx,Female,81.3,15.0,865,13.1,2015,2021,6 year June,10,2021-22,83.1,3055,Common Core English,7,75.1,1,14.3,2,28.6
Bronx,Female,79.4,15.8,1000,15.4,2014,2020,6 year June,10,2020-21,85.3,2508,Common Core Algebra,68,54.3,51,75.0,0,0.0
Bronx,Female,77.9,16.5,1003,15.9,2013,2019,6 year June,10,2019-20,86.7,2455,Common Core Algebra,164,59.6,101,61.6,3,1.8
Bronx,Female,76.8,15.2,1014,15.5,2012,2018,6 year June,10,2018-19,85.2,2822,Common Core Algebra,170,57.5,118,69.4,0,0.0
Bronx,Male,75.3,17.1,611,9.3,2019,2023,4 year August,10,2023-24,85.7,2904,Common Core Algebra,51,58.1,29,56.9,2,3.9
Bronx,Male,74.8,23.5,616,9.2,2018,2022,4 year August,10,2022-23,85.0,3106,Common Core Algebra,49,53.6,41,83.7,2,4.1
Bronx,Male,73.3,25.5,644,9.2,2017,2021,4 year August,10,2021-22,82.3,3445,Common Core English,8,72.3,3,37.5,4,50.0
Bronx,Male,69.3,22.6,789,11.1,2016,2020,4 year August,10,2020-21,81.6,3520,Common Core Algebra,30,51.7,27,90.0,0,0.0
Bronx,Male,65.7,16.2,1040,14.3,2015,2019,4 year August,10,2019-20,85.6,2986,Common Core Algebra,78,56.7,49,62.8,1,1.3
Bronx,Male,62.5,16.6,1007,13.6,2014,2018,4 year August,10,2018-19,84.3,3392,Common Core Algebra,64,58.0,45,70.3,0,0.0
Bronx,Male,61.9,16.2,962,13.1,2013,2017,4 year August,9,2017-18,82.7,3792,Common Core Algebra,65,56.3,47,72.3,2,3.1
Bronx,Male,60.8,16.7,1046,14.3,2012,2016,4 year August,9,2016-17,82.7,3759,Algebra2/Trigonometry,7,42.1,6,85.7,0,0.0
Bronx,Male,72.6,17.7,621,9.4,2019,2023,4 year June,10,2023-24,85.7,2904,Common Core Algebra,51,58.1,29,56.9,2,3.9
Bronx,Male,72.9,24.0,618,9.3,2018,2022,4 year June,10,2022-23,85.0,3106,Common Core Algebra,49,53.6,41,83.7,2,4.1
Bronx,Male,70.2,26.5,647,9.2,2017,2021,4 year June,10,2021-22,82.3,3445,Common Core English,8,72.3,3,37.5,4,50.0
Bronx,Male,67.4,23.3,796,11.2,2016,2020,4 year June,10,2020-21,81.6,3520,Common Core Algebra,30,51.7,27,90.0,0,0.0
Bronx,Male,61.6,17.2,1050,14.4,2015,2019,4 year June,10,2019-20,85.6,2986,Common Core Algebra,78,56.7,49,62.8,1,1.3
Bronx,Male,58.5,17.7,1007,13.6,2014,2018,4 year June,10,2018-19,84.3,3392,Common Core Algebra,64,58.0,45,70.3,0,0.0
Bronx,Male,58.2,17.1,962,13.1,2013,2017,4 year June,9,2017-18,82.7,3792,Common Core Algebra,65,56.3,47,72.3,2,3.1
Bronx,Male,57.7,17.5,1046,14.3,2012,2016,4 year June,9,2016-17,82.7,3759,Algebra2/Trigonometry,7,42.1,6,85.7,0,0.0
Bronx,Male,79.1,22.5,801,12.1,2018,2023,5 year August,10,2023-24,85.7,2904,Common Core Algebra,51,58.1,29,56.9,2,3.9
Bronx,Male,77.6,24.4,938,13.5,2017,2022,5 year August,10,2022-23,85.0,3106,Common Core Algebra,49,53.6,41,83.7,2,4.1
Bronx,Male,74.9,21.2,1067,15.2,2016,2021,5 year August,10,2021-22,82.3,3445,Common Core English,8,72.3,3,37.5,4,50.0
Bronx,Male,72.1,15.0,1264,17.5,2015,2020,5 year August,10,2020-21,81.6,3520,Common Core Algebra,30,51.7,27,90.0,0,0.0
Bronx,Male,68.5,15.3,1552,21.1,2014,2019,5 year August,10,2019-20,85.6,2986,Common Core Algebra,78,56.7,49,62.8,1,1.3
Bronx,Male,67.9,14.9,1364,18.7,2013,2018,5 year August,10,2018-19,84.3,3392,Common Core Algebra,64,58.0,45,70.3,0,0.0
Bronx,Male,65.8,15.5,1421,19.5,2012,2017,5 year August,9,2017-18,82.7,3792,Common Core Algebra,65,56.3,47,72.3,2,3.1
Bronx,Male,78.7,22.6,806,12.2,2018,2023,5 year June,10,2023-24,85.7,2904,Common Core Algebra,51,58.1,29,56.9,2,3.9
Bronx,Male,77.2,24.5,947,13.7,2017,2022,5 year June,10,2022-23,85.0,3106,Common Core Algebra,49,53.6,41,83.7,2,4.1
Bronx,Male,74.3,21.3,1072,15.2,2016,2021,5 year June,10,2021-22,82.3,3445,Common Core English,8,72.3,3,37.5,4,50.0
Bronx,Male,71.5,15.1,1282,17.8,2015,2020,5 year June,10,2020-21,81.6,3520,Common Core Algebra,30,51.7,27,90.0,0,0.0
Bronx,Male,67.7,15.5,1568,21.3,2014,2019,5 year June,10,2019-20,85.6,2986,Common Core Algebra,78,56.7,49,62.8,1,1.3
Bronx,Male,67.1,15.0,1364,18.7,2013,2018,5 year June,10,2018-19,84.3,3392,Common Core Algebra,64,58.0,45,70.3,0,0.0
Bronx,Male,65.1,15.7,1421,19.5,2012,2017,5 year June,9,2017-18,82.7,3792,Common Core Algebra,65,56.3,47,72.3,2,3.1
Bronx,Male,79.0,24.1,975,14.2,2017,2023,6 year June,10,2023-24,85.7,2904,Common Core Algebra,51,58.1,29,56.9,2,3.9
Bronx,Male,76.4,20.8,1180,16.8,2016,2022,6 year June,10,2022-23,85.0,3106,Common Core Algebra,49,53.6,41,83.7,2,4.1
Bronx,Male,74.2,14.6,1295,18.0,2015,2021,6 year June,10,2021-22,82.3,3445,Common Core English,8,72.3,3,37.5,4,50.0
Bronx,Male,70.9,14.9,1540,21.0,2014,2020,6 year June,10,2020-21,81.6,3520,Common Core Algebra,30,51.7,27,90.0,0,0.0
Bronx,Male,70.3,14.5,1507,20.8,2013,2019,6 year June,10,2019-20,85.6,2986,Common Core Algebra,78,56.7,49,62.8,1,1.3
Bronx,Male,68.4,15.0,1539,21.3,2012,2018,6 year June,10,2018-19,84.3,3392,Common Core Algebra,64,58.0,45,70.3,0,0.0
Brooklyn,Female,87.4,42.4,311,3.3,2018,2022,4 year August,12,2022-23,84.0,4555,Common Core Algebra,20,53.2,15,75.0,0,0.0
Brooklyn,Female,86.8,45.7,257,2.7,2017,2021,4 year August,10,2021-22,84.9,4384,Common Core English,10,81.0,1,10.0,6,60.0
Brooklyn,Female,84.8,38.5,359,3.7,2016,2020,4 year August,10,2020-21,85.4,3615,Common Core Algebra,29,55.6,25,86.2,0,0.0
Brooklyn,Female,82.1,29.6,558,5.8,2015,2019,4 year August,10,2019-20,88.8,3123,Common Core Algebra,74,58.3,50,67.6,0,0.0
Brooklyn,Female,81.2,28.6,505,5.2,2014,2018,4 year August,10,2018-19,88.1,3269,Common Core Algebra,74,56.0,52,70.3,2,2.7
Brooklyn,Female,80.0,28.8,556,5.9,2013,2017,4 year August,9,2017-18,86.0,2896,Common Core Algebra,113,62.9,55,48.7,2,1.8
Brooklyn,Female,78.2,26.7,597,6.1,2012,2016,4 year August,9,2016-17,87.0,2853,Common Core Algebra,118,61.5,67,56.8,1,0.8
Brooklyn,Female,84.8,43.1,318,3.4,2018,2022,4 year June,12,2022-23,84.0,4555,Common Core Algebra,20,53.2,15,75.0,0,0.0
Brooklyn,Female,84.0,46.8,257,2.7,2017,2021,4 year June,10,2021-22,84.9,4384,Common Core English,10,81.0,1,10.0,6,60.0
Brooklyn,Female,83.1,39.1,361,3.8,2016,2020,4 year June,10,2020-21,85.4,3615,Common Core Algebra,29,55.6,25,86.2,0,0.0
Brooklyn,Female,78.6,30.7,562,5.9,2015,2019,4 year June,10,2019-20,88.8,3123,Common Core Algebra,74,58.3,50,67.6,0,0.0
Brooklyn,Female,78.4,29.4,505,5.2,2014,2018,4 year June,10,2018-19,88.1,3269,Common Core Algebra,74,56.0,52,70.3,2,2.7
Brooklyn,Female,76.7,29.9,556,5.9,2013,2017,4 year June,9,2017-18,86.0,2896,Common Core Algebra,113,62.9,55,48.7,2,1.8
Brooklyn,Female,74.8,27.8,597,6.1,2012,2016,4 year June,9,2016-17,87.0,2853,Common Core Algebra,118,61.5,67,56.8,1,0.8
Brooklyn,Female,90.2,44.8,477,5.2,2017,2022,5 year August,12,2022-23,84.0,4555,Common Core Algebra,20,53.2,15,75.0,0,0.0
Brooklyn,Female,88.5,37.1,496,5.2,2016,2021,5 year August,10,2021-22,84.9,4384,Common Core English,10,81.0,1,10.0,6,60.0
Brooklyn,Female,87.1,28.1,676,7.1,2015,2020,5 year August,10,2020-21,85.4,3615,Common Core Algebra,29,55.6,25,86.2,0,0.0
Brooklyn,Female,85.4,27.1,827,8.5,2014,2019,5 year August,10,2019-20,88.8,3123,Common Core Algebra,74,58.3,50,67.6,0,0.0
Brooklyn,Female,84.8,27.3,744,7.9,2013,2018,5 year August,10,2018-19,88.1,3269,Common Core Algebra,74,56.0,52,70.3,2,2.7
Brooklyn,Female,82.9,25.2,878,8.9,2012,2017,5 year August,9,2017-18,86.0,2896,Common Core Algebra,113,62.9,55,48.7,2,1.8
Brooklyn,Female,90.0,44.9,479,5.2,2017,2022,5 year June,12,2022-23,84.0,4555,Common Core Algebra,20,53.2,15,75.0,0,0.0
Brooklyn,Female,88.0,37.3,501,5.2,2016,2021,5 year June,10,2021-22,84.9,4384,Common Core English,10,81.0,1,10.0,6,60.0
Brooklyn,Female,86.6,28.2,696,7.3,2015,2020,5 year June,10,2020-21,85.4,3615,Common Core Algebra,29,55.6,25,86.2,0,0.0
Brooklyn,Female,84.8,27.3,845,8.7,2014,2019,5 year June,10,2019-20,88.8,3123,Common Core Algebra,74,58.3,50,67.6,0,0.0
Brooklyn,Female,84.2,27.5,747,8.0,2013,2018,5 year June,10,2018-19,88.1,3269,Common Core Algebra,74,56.0,52,70.3,2,2.7
Brooklyn,Female,82.1,25.4,881,8.9,2012,2017,5 year June,9,2017-18,86.0,2896,Common Core Algebra,113,62.9,55,48.7,2,1.8
Brooklyn,Female,90.8,44.5,560,6.1,2017,2023,6 year June,12,2023-24,85.1,4350,Common Core Algebra,20,59.9,11,55.0,0,0.0
Brooklyn,Female,89.7,36.7,617,6.4,2016,2022,6 year June,12,2022-23,84.0,4555,Common Core Algebra,20,53.2,15,75.0,0,0.0
Brooklyn,Female,88.2,27.7,700,7.3,2015,2021,6 year June,10,2021-22,84.9,4384,Common Core English,10,81.0,1,10.0,6,60.0
Brooklyn,Female,86.9,26.7,850,8.8,2014,2020,6 year June,10,2020-21,85.4,3615,Common Core Algebra,29,55.6,25,86.2,0,0.0
Brooklyn,Female,86.4,26.8,818,8.7,2013,2019,6 year June,10,2019-20,88.8,3123,Common Core Algebra,74,58.3,50,67.6,0,0.0
Brooklyn,Female,84.2,24.8,965,9.8,2012,2018,6 year June,10,2018-19,88.1,3269,Common Core Algebra,74,56.0,52,70.3,2,2.7
Brooklyn,Male,79.5,28.1,649,6.2,2019,2023,4 year August,10,2023-24,86.4,4331,Common Core Algebra,10,62.0,3,30.0,0,0.0
Brooklyn,Male,79.4,37.9,696,6.6,2018,2022,4 year August,10,2022-23,85.7,4515,Common Core Algebra,14,53.4,13,92.9,0,0.0
Brooklyn,Male,77.3,39.0,558,5.2,2017,2021,4 year August,10,2021-22,83.3,5143,Common Core English,7,73.7,1,14.3,2,28.6
Brooklyn,Male,74.5,33.4,743,6.9,2016,2020,4 year August,10,2020-21,80.8,5198,Common Core Algebra,18,55.3,14,77.8,0,0.0
Brooklyn,Male,72.5,24.7,898,8.3,2015,2019,4 year August,10,2019-20,87.3,3890,Common Core Algebra,27,57.7,16,59.3,1,3.7
Brooklyn,Male,72.5,24.4,873,8.0,2014,2018,4 year August,10,2018-19,86.7,4136,Common Core Algebra,42,55.9,33,78.6,2,4.8
Brooklyn,Male,69.5,25.1,941,8.8,2013,2017,4 year August,9,2017-18,83.9,4047,Common Core Algebra,54,58.9,35,64.8,1,1.9
Brooklyn,Male,68.0,23.7,986,9.0,2012,2016,4 year August,9,2016-17,85.1,3849,Common Core Algebra,50,60.8,29,58.0,0,0.0
Brooklyn,Male,75.9,29.2,657,6.3,2019,2023,4 year June,10,2023-24,86.4,4331,Common Core Algebra,10,62.0,3,30.0,0,0.0
Brooklyn,Male,76.1,39.0,703,6.7,2018,2022,4 year June,10,2022-23,85.7,4515,Common Core Algebra,14,53.4,13,92.9,0,0.0
Brooklyn,Male,73.5,40.6,566,5.3,2017,2021,4 year June,10,2021-22,83.3,5143,Common Core English,7,73.7,1,14.3,2,28.6
Brooklyn,Male,71.6,34.5,746,7.0,2016,2020,4 year June,10,2020-21,80.8,5198,Common Core Algebra,18,55.3,14,77.8,0,0.0
Brooklyn,Male,68.2,25.9,906,8.4,2015,2019,4 year June,10,2019-20,87.3,3890,Common Core Algebra,27,57.7,16,59.3,1,3.7
Brooklyn,Male,68.1,25.7,873,8.0,2014,2018,4 year June,10,2018-19,86.7,4136,Common Core Algebra,42,55.9,33,78.6,2,4.8
Brooklyn,Male,65.3,26.5,941,8.8,2013,2017,4 year June,9,2017-18,83.9,4047,Common Core Algebra,54,58.9,35,64.8,1,1.9
Brooklyn,Male,64.1,25.0,986,9.0,2012,2016,4 year June,9,2016-17,85.1,3849,Common Core Algebra,50,60.8,29,58.0,0,0.0
Brooklyn,Male,83.6,36.4,982,9.4,2018,2023,5 year August,10,2023-24,86.4,4331,Common Core Algebra,10,62.0,3,30.0,0,0.0
Brooklyn,Male,82.7,37.3,954,9.0,2017,2022,5 year August,10,2022-23,85.7,4515,Common Core Algebra,14,53.4,13,92.9,0,0.0
Brooklyn,Male,79.8,31.6,1082,10.1,2016,2021,5 year August,10,2021-22,83.3,5143,Common Core English,7,73.7,1,14.3,2,28.6
Brooklyn,Male,78.9,22.9,1191,11.1,2015,2020,5 year August,10,2020-21,80.8,5198,Common Core Algebra,18,55.3,14,77.8,0,0.0
Brooklyn,Male,77.5,22.9,1444,13.3,2014,2019,5 year August,10,2019-20,87.3,3890,Common Core Algebra,27,57.7,16,59.3,1,3.7
Brooklyn,Male,75.6,23.4,1349,12.8,2013,2018,5 year August,10,2018-19,86.7,4136,Common Core Algebra,42,55.9,33,78.6,2,4.8
Brooklyn,Male,74.2,21.9,1431,13.1,2012,2017,5 year August,9,2017-18,83.9,4047,Common Core Algebra,54,58.9,35,64.8,1,1.9
Brooklyn,Male,82.9,36.6,994,9.5,2018,2023,5 year June,10,2023-24,86.4,4331,Common Core Algebra,10,62.0,3,30.0,0,0.0
Brooklyn,Male,82.2,37.6,967,9.2,2017,2022,5 year June,10,2022-23,85.7,4515,Common Core Algebra,14,53.4,13,92.9,0,0.0
Brooklyn,Male,79.0,31.9,1091,10.2,2016,2021,5 year June,10,2021-22,83.3,5143,Common Core English,7,73.7,1,14.3,2,28.6
Brooklyn,Male,78.1,23.1,1215,11.3,2015,2020,5 year June,10,2020-21,80.8,5198,Common Core Algebra,18,55.3,14,77.8,0,0.0
Brooklyn,Male,76.7,23.1,1468,13.5,2014,2019,5 year June,10,2019-20,87.3,3890,Common Core Algebra,27,57.7,16,59.3,1,3.7
Brooklyn,Male,74.9,23.6,1352,12.8,2013,2018,5 year June,10,2018-19,86.7,4136,Common Core Algebra,42,55.9,33,78.6,2,4.8
Brooklyn,Male,73.3,22.2,1433,13.1,2012,2017,5 year June,9,2017-18,83.9,4047,Common Core Algebra,54,58.9,35,64.8,1,1.9
Brooklyn,Male,83.9,36.9,1112,10.6,2017,2023,6 year June,10,2023-24,86.4,4331,Common Core Algebra,10,62.0,3,30.0,0,0.0
Brooklyn,Male,81.7,31.0,1291,12.1,2016,2022,6 year June,10,2022-23,85.7,4515,Common Core Algebra,14,53.4,13,92.9,0,0.0
Brooklyn,Male,80.8,22.5,1279,11.9,2015,2021,6 year June,10,2021-22,83.3,5143,Common Core English,7,73.7,1,14.3,2,28.6
Brooklyn,Male,80.0,22.3,1447,13.3,2014,2020,6 year June,10,2020-21,80.8,5198,Common Core Algebra,18,55.3,14,77.8,0,0.0
Brooklyn,Male,77.7,22.7,1536,14.5,2013,2019,6 year June,10,2019-20,87.3,3890,Common Core Algebra,27,57.7,16,59.3,1,3.7
Brooklyn,Male,76.5,21.3,1590,14.6,2012,2018,6 year June,10,2018-19,86.7,4136,Common Core Algebra,42,55.9,33,78.6,2,4.8
Manhattan,Female,88.2,37.4,287,3.7,2019,2023,4 year August,10,2023-24,86.8,3090,Common Core Algebra,20,60.7,12,60.0,1,5.0
Manhattan,Female,88.5,44.6,275,3.5,2018,2022,4 year August,10,2022-23,87.3,3007,Common Core Algebra,21,70.4,6,28.6,4,19.0
Manhattan,Female,87.4,48.0,253,3.2,2017,2021,4 year August,10,2021-22,85.3,3521,Common Core English,10,69.7,2,20.0,3,30.0
Manhattan,Female,85.4,42.5,298,3.5,2016,2020,4 year August,10,2020-21,86.3,2870,Common Core Algebra,18,63.8,7,38.9,0,0.0
Manhattan,Female,83.2,31.3,446,5.4,2015,2019,4 year August,10,2019-20,89.7,2464,Common Core Algebra,57,68.2,19,33.3,6,10.5
Manhattan,Female,81.8,30.6,446,5.4,2014,2018,4 year August,10,2018-19,89.6,2530,Common Core Algebra,21,63.9,10,47.6,1,4.8
Manhattan,Female,79.8,30.3,493,6.0,2013,2017,4 year August,9,2017-18,89.0,2051,Common Core Algebra,17,64.6,7,41.2,2,11.8
Manhattan,Female,79.6,27.4,504,6.0,2012,2016,4 year August,9,2016-17,89.0,2161,Common Core Algebra,13,62.7,7,53.8,1,7.7
Manhattan,Female,86.0,38.1,291,3.8,2019,2023,4 year June,10,2023-24,86.8,3090,Common Core Algebra,20,60.7,12,60.0,1,5.0
Manhattan,Female,86.5,45.3,277,3.5,2018,2022,4 year June,10,2022-23,87.3,3007,Common Core Algebra,21,70.4,6,28.6,4,19.0
Manhattan,Female,85.7,48.8,255,3.2,2017,2021,4 year June,10,2021-22,85.3,3521,Common Core English,10,69.7,2,20.0,3,30.0
Manhattan,Female,84.1,43.1,299,3.6,2016,2020,4 year June,10,2020-21,86.3,2870,Common Core Algebra,18,63.8,7,38.9,0,0.0
Manhattan,Female,80.6,32.1,450,5.4,2015,2019,4 year June,10,2019-20,89.7,2464,Common Core Algebra,57,68.2,19,33.3,6,10.5
Manhattan,Female,79.3,31.5,446,5.4,2014,2018,4 year June,10,2018-19,89.6,2530,Common Core Algebra,21,63.9,10,47.6,1,4.8
Manhattan,Female,77.1,31.2,493,6.0,2013,2017,4 year June,9,2017-18,89.0,2051,Common Core Algebra,17,64.6,7,41.2,2,11.8
Manhattan,Female,76.8,28.3,504,6.0,2012,2016,4 year June,9,2016-17,89.0,2161,Common Core Algebra,13,62.7,7,53.8,1,7.7
Manhattan,Female,90.5,43.6,389,4.9,2018,2023,5 year August,10,2023-24,86.8,3090,Common Core Algebra,20,60.7,12,60.0,1,5.0
Manhattan,Female,89.5,47.0,459,5.7,2017,2022,5 year August,10,2022-23,87.3,3007,Common Core Algebra,21,70.4,6,28.6,4,19.0
Manhattan,Female,88.6,40.9,439,5.2,2016,2021,5 year August,10,2021-22,85.3,3521,Common Core English,10,69.7,2,20.0,3,30.0
Manhattan,Female,87.0,29.8,544,6.5,2015,2020,5 year August,10,2020-21,86.3,2870,Common Core Algebra,18,63.8,7,38.9,0,0.0
Manhattan,Female,85.3,29.4,720,8.7,2014,2019,5 year August,10,2019-20,89.7,2464,Common Core Algebra,57,68.2,19,33.3,6,10.5
Manhattan,Female,83.8,28.8,735,9.0,2013,2018,5 year August,10,2018-19,89.6,2530,Common Core Algebra,21,63.9,10,47.6,1,4.8
Manhattan,Female,83.7,26.0,715,8.4,2012,2017,5 year August,9,2017-18,89.0,2051,Common Core Algebra,17,64.6,7,41.2,2,11.8
Manhattan,Female,90.3,43.7,398,5.0,2018,2023,5 year June,10,2023-24,86.8,3090,Common Core Algebra,20,60.7,12,60.0,1,5.0
Manhattan,Female,89.2,47.1,462,5.8,2017,2022,5 year June,10,2022-23,87.3,3007,Common Core Algebra,21,70.4,6,28.6,4,19.0
Manhattan,Female,88.2,41.1,442,5.2,2016,2021,5 year June,10,2021-22,85.3,3521,Common Core English,10,69.7,2,20.0,3,30.0
Manhattan,Female,86.6,29.9,555,6.7,2015,2020,5 year June,10,2020-21,86.3,2870,Common Core Algebra,18,63.8,7,38.9,0,0.0
Manhattan,Female,84.8,29.6,730,8.8,2014,2019,5 year June,10,2019-20,89.7,2464,Common Core Algebra,57,68.2,19,33.3,6,10.5
Manhattan,Female,83.3,28.9,736,9.0,2013,2018,5 year June,10,2018-19,89.6,2530,Common Core Algebra,21,63.9,10,47.6,1,4.8
Manhattan,Female,83.3,26.2,715,8.4,2012,2017,5 year June,9,2017-18,89.0,2051,Common Core Algebra,17,64.6,7,41.2,2,11.8
Manhattan,Female,90.0,46.7,528,6.6,2017,2023,6 year June,10,2023-24,86.8,3090,Common Core Algebra,20,60.7,12,60.0,1,5.0
Manhattan,Female,89.4,40.5,570,6.8,2016,2022,6 year June,10,2022-23,87.3,3007,Common Core Algebra,21,70.4,6,28.6,4,19.0
Manhattan,Female,88.3,29.4,575,6.9,2015,2021,6 year June,10,2021-22,85.3,3521,Common Core English,10,69.7,2,20.0,3,30.0
Manhattan,Female,86.8,28.9,741,8.9,2014,2020,6 year June,10,2020-21,86.3,2870,Common Core Algebra,18,63.8,7,38.9,0,0.0
Manhattan,Female,85.2,28.2,833,10.1,2013,2019,6 year June,10,2019-20,89.7,2464,Common Core Algebra,57,68.2,19,33.3,6,10.5
Manhattan,Female,85.2,25.6,796,9.4,2012,2018,6 year June,10,2018-19,89.6,2530,Common Core Algebra,21,63.9,10,47.6,1,4.8
Manhattan,Male,78.2,30.4,588,8.5,2019,2023,4 year August,10,2023-24,85.4,2957,Common Core Algebra,32,62.1,17,53.1,2,6.3
Manhattan,Male,77.5,39.3,604,8.6,2018,2022,4 year August,10,2022-23,86.0,2823,Common Core Algebra,34,58.5,22,64.7,5,14.7
Manhattan,Male,78.5,39.8,461,6.4,2017,2021,4 year August,10,2021-22,84.2,3112,Common Core English,11,63.2,5,45.5,2,18.2
Manhattan,Male,73.9,35.7,474,6.6,2016,2020,4 year August,10,2020-21,81.8,3143,Common Core Algebra,20,63.0,9,45.0,0,0.0
Manhattan,Male,72.6,27.2,631,9.0,2015,2019,4 year August,10,2019-20,87.7,2413,Common Core Algebra,54,69.8,13,24.1,8,14.8
Manhattan,Male,70.7,28.0,638,8.8,2014,2018,4 year August,10,2018-19,87.9,2567,Common Core Algebra,20,65.1,8,40.0,3,15.0
Manhattan,Male,69.2,29.0,624,8.8,2013,2017,4 year August,9,2017-18,88.1,2062,Common Core Algebra,36,68.8,8,22.2,4,11.1
Manhattan,Male,69.0,27.6,642,9.0,2012,2016,4 year August,9,2016-17,87.9,2135,Common Core Algebra,37,64.3,18,48.6,2,5.4
Manhattan,Male,75.6,31.2,590,8.5,2019,2023,4 year June,10,2023-24,85.4,2957,Common Core Algebra,32,62.1,17,53.1,2,6.3
Manhattan,Male,75.4,40.0,604,8.6,2018,2022,4 year June,10,2022-23,86.0,2823,Common Core Algebra,34,58.5,22,64.7,5,14.7
Manhattan,Male,76.2,40.8,463,6.5,2017,2021,4 year June,10,2021-22,84.2,3112,Common Core English,11,63.2,5,45.5,2,18.2
Manhattan,Male,72.0,36.4,481,6.7,2016,2020,4 year June,10,2020-21,81.8,3143,Common Core Algebra,20,63.0,9,45.0,0,0.0
Manhattan,Male,69.1,28.3,636,9.1,2015,2019,4 year June,10,2019-20,87.7,2413,Common Core Algebra,54,69.8,13,24.1,8,14.8
Manhattan,Male,67.4,29.3,638,8.8,2014,2018,4 year June,10,2018-19,87.9,2567,Common Core Algebra,20,65.1,8,40.0,3,15.0
Manhattan,Male,66.1,30.0,624,8.8,2013,2017,4 year June,9,2017-18,88.1,2062,Common Core Algebra,36,68.8,8,22.2,4,11.1
Manhattan,Male,66.1,28.7,642,9.0,2012,2016,4 year June,9,2016-17,87.9,2135,Common Core Algebra,37,64.3,18,48.6,2,5.4
Manhattan,Male,81.1,37.7,793,11.3,2018,2023,5 year August,10,2023-24,85.4,2957,Common Core Algebra,32,62.1,17,53.1,2,6.3
Manhattan,Male,81.6,38.4,732,10.2,2017,2022,5 year August,10,2022-23,86.0,2823,Common Core Algebra,34,58.5,22,64.7,5,14.7
Manhattan,Male,78.9,33.5,708,9.8,2016,2021,5 year August,10,2021-22,84.2,3112,Common Core English,11,63.2,5,45.5,2,18.2
Manhattan,Male,77.8,25.3,795,11.3,2015,2020,5 year August,10,2020-21,81.8,3143,Common Core Algebra,20,63.0,9,45.0,0,0.0
Manhattan,Male,75.5,26.2,1030,14.2,2014,2019,5 year August,10,2019-20,87.7,2413,Common Core Algebra,54,69.8,13,24.1,8,14.8
Manhattan,Male,74.1,27.1,960,13.3,2013,2018,5 year August,10,2018-19,87.9,2567,Common Core Algebra,20,65.1,8,40.0,3,15.0
Manhattan,Male,74.3,25.6,941,13.1,2012,2017,5 year August,9,2017-18,88.1,2062,Common Core Algebra,36,68.8,8,22.2,4,11.1
Manhattan,Male,80.8,37.9,796,11.3,2018,2023,5 year June,10,2023-24,85.4,2957,Common Core Algebra,32,62.1,17,53.1,2,6.3
Manhattan,Male,81.1,38.6,738,10.3,2017,2022,5 year June,10,2022-23,86.0,2823,Common Core Algebra,34,58.5,22,64.7,5,14.7
Manhattan,Male,78.2,33.8,709,9.9,2016,2021,5 year June,10,2021-22,84.2,3112,Common Core English,11,63.2,5,45.5,2,18.2
Manhattan,Male,77.4,25.4,804,11.4,2015,2020,5 year June,10,2020-21,81.8,3143,Common Core Algebra,20,63.0,9,45.0,0,0.0
Manhattan,Male,74.5,26.5,1048,14.4,2014,2019,5 year June,10,2019-20,87.7,2413,Common Core Algebra,54,69.8,13,24.1,8,14.8
Manhattan,Male,73.3,27.4,961,13.4,2013,2018,5 year June,10,2018-19,87.9,2567,Common Core Algebra,20,65.1,8,40.0,3,15.0
Manhattan,Male,73.8,25.8,941,13.1,2012,2017,5 year June,9,2017-18,88.1,2062,Common Core Algebra,36,68.8,8,22.2,4,11.1
Manhattan,Male,82.5,38.0,808,11.2,2017,2023,6 year June,10,2023-24,85.4,2957,Common Core Algebra,32,62.1,17,53.1,2,6.3
Manhattan,Male,80.1,33.0,899,12.5,2016,2022,6 year June,10,2022-23,86.0,2823,Common Core Algebra,34,58.5,22,64.7,5,14.7
Manhattan,Male,79.5,24.8,897,12.7,2015,2021,6 year June,10,2021-22,84.2,3112,Common Core English,11,63.2,5,45.5,2,18.2
Manhattan,Male,77.6,25.4,1052,14.4,2014,2020,6 year June,10,2020-21,81.8,3143,Common Core Algebra,20,63.0,9,45.0,0,0.0
Manhattan,Male,76.3,26.3,1113,15.4,2013,2019,6 year June,10,2019-20,87.7,2413,Common Core Algebra,54,69.8,13,24.1,8,14.8
Manhattan,Male,76.2,25.0,1079,15.0,2012,2018,6 year June,10,2018-19,87.9,2567,Common Core Algebra,20,65.1,8,40.0,3,15.0
Queens,Female,90.6,57.7,238,2.6,2017,2021,4 year August,10,2021-22,87.8,3319,Common Core Algebra,12,69.7,5,41.7,2,16.7
Queens,Female,88.6,49.7,283,3.0,2016,2020,4 year August,10,2020-21,89.9,2330,Common Core Algebra,33,62.9,18,54.5,7,21.2
Queens,Female,85.8,33.5,412,4.4,2015,2019,4 year August,10,2019-20,91.1,2389,Common Core Algebra,71,66.2,32,45.1,4,5.6
Queens,Female,85.0,34.3,408,4.3,2014,2018,4 year August,10,2018-19,90.6,2476,Common Core Algebra,64,58.1,45,70.3,4,6.3
Queens,Female,83.6,32.9,425,4.7,2013,2017,4 year August,9,2017-18,90.3,2575,Common Core Algebra,91,63.5,44,48.4,6,6.6
Queens,Female,82.4,30.0,540,5.9,2012,2016,4 year August,9,2016-17,90.8,2584,Common Core Algebra,75,63.1,41,54.7,15,20.0
Queens,Female,88.5,58.1,238,2.6,2017,2021,4 year June,10,2021-22,87.8,3319,Common Core Algebra,12,69.7,5,41.7,2,16.7
Queens,Female,87.2,50.4,285,3.1,2016,2020,4 year June,10,2020-21,89.9,2330,Common Core Algebra,33,62.9,18,54.5,7,21.2
Queens,Female,83.0,34.4,415,4.4,2015,2019,4 year June,10,2019-20,91.1,2389,Common Core Algebra,71,66.2,32,45.1,4,5.6
Queens,Female,82.4,35.2,408,4.3,2014,2018,4 year June,10,2018-19,90.6,2476,Common Core Algebra,64,58.1,45,70.3,4,6.3
Queens,Female,81.0,33.7,425,4.7,2013,2017,4 year June,9,2017-18,90.3,2575,Common Core Algebra,91,63.5,44,48.4,6,6.6
Queens,Female,79.9,30.8,540,5.9,2012,2016,4 year June,9,2016-17,90.8,2584,Common Core Algebra,75,63.1,41,54.7,15,20.0
Queens,Female,92.8,52.6,328,3.7,2018,2023,5 year August,12,2023-24,87.2,3674,Common Core Algebra,45,63.7,17,37.8,6,13.3
Queens,Female,91.2,48.4,383,4.1,2016,2021,5 year August,10,2021-22,87.8,3319,Common Core Algebra,12,69.7,5,41.7,2,16.7
Queens,Female,89.7,32.2,515,5.5,2015,2020,5 year August,10,2020-21,89.9,2330,Common Core Algebra,33,62.9,18,54.5,7,21.2
Queens,Female,88.2,33.1,697,7.3,2014,2019,5 year August,10,2019-20,91.1,2389,Common Core Algebra,71,66.2,32,45.1,4,5.6
Queens,Female,86.3,31.6,635,7.0,2013,2018,5 year August,10,2018-19,90.6,2476,Common Core Algebra,64,58.1,45,70.3,4,6.3
Queens,Female,86.0,28.8,712,7.8,2012,2017,5 year August,9,2017-18,90.3,2575,Common Core Algebra,91,63.5,44,48.4,6,6.6
Queens,Female,92.6,52.7,333,3.7,2018,2023,5 year June,12,2023-24,87.2,3674,Common Core Algebra,45,63.7,17,37.8,6,13.3
Queens,Female,90.8,48.6,387,4.2,2016,2021,5 year June,10,2021-22,87.8,3319,Common Core Algebra,12,69.7,5,41.7,2,16.7
Queens,Female,89.3,32.4,532,5.7,2015,2020,5 year June,10,2020-21,89.9,2330,Common Core Algebra,33,62.9,18,54.5,7,21.2
Queens,Female,87.8,33.3,709,7.5,2014,2019,5 year June,10,2019-20,91.1,2389,Common Core Algebra,71,66.2,32,45.1,4,5.6
Queens,Female,85.9,31.7,639,7.0,2013,2018,5 year June,10,2018-19,90.6,2476,Common Core Algebra,64,58.1,45,70.3,4,6.3
Queens,Female,85.5,29.0,715,7.8,2012,2017,5 year June,9,2017-18,90.3,2575,Common Core Algebra,91,63.5,44,48.4,6,6.6
Queens,Female,93.0,56.6,379,4.1,2017,2023,6 year June,12,2023-24,87.2,3674,Common Core Algebra,45,63.7,17,37.8,6,13.3
Queens,Female,90.5,32.0,532,5.7,2015,2021,6 year June,10,2021-22,87.8,3319,Common Core Algebra,12,69.7,5,41.7,2,16.7
Queens,Female,89.3,32.7,680,7.1,2014,2020,6 year June,10,2020-21,89.9,2330,Common Core Algebra,33,62.9,18,54.5,7,21.2
Queens,Female,87.4,31.2,725,8.0,2013,2019,6 year June,10,2019-20,91.1,2389,Common Core Algebra,71,66.2,32,45.1,4,5.6
Queens,Female,86.6,28.6,790,8.6,2012,2018,6 year June,10,2018-19,90.6,2476,Common Core Algebra,64,58.1,45,70.3,4,6.3
Queens,Male,83.3,33.3,479,4.8,2019,2023,4 year August,10,2023-24,87.6,3771,Common Core Algebra,50,67.3,15,30.0,4,8.0
Queens,Male,82.9,41.9,559,5.5,2018,2022,4 year August,10,2022-23,88.0,3583,Common Core Algebra,65,64.7,31,47.7,5,7.7
Queens,Male,81.3,48.3,607,5.9,2017,2021,4 year August,10,2021-22,86.0,4058,Common Core Algebra,9,74.1,1,11.1,3,33.3
Queens,Male,77.6,42.0,729,7.1,2016,2020,4 year August,10,2020-21,85.2,3790,Common Core Algebra,36,58.5,26,72.2,3,8.3
Queens,Male,76.1,27.7,817,7.8,2015,2019,4 year August,10,2019-20,89.6,3038,Common Core Algebra,65,59.9,39,60.0,2,3.1
Queens,Male,74.7,28.5,796,7.4,2014,2018,4 year August,10,2018-19,88.8,3185,Common Core Algebra,60,55.8,41,68.3,2,3.3
Queens,Male,72.8,27.3,813,7.9,2013,2017,4 year August,9,2017-18,88.8,3709,Common Core Algebra,69,63.8,36,52.2,9,13.0
Queens,Male,70.5,25.8,955,9.3,2012,2016,4 year August,9,2016-17,88.8,3645,Common Core Algebra,64,64.0,36,56.3,11,17.2
Queens,Male,80.2,34.4,480,4.9,2019,2023,4 year June,10,2023-24,87.6,3771,Common Core Algebra,50,67.3,15,30.0,4,8.0
Queens,Male,80.1,43.2,560,5.5,2018,2022,4 year June,10,2022-23,88.0,3583,Common Core Algebra,65,64.7,31,47.7,5,7.7
Queens,Male,77.6,49.4,609,5.9,2017,2021,4 year June,10,2021-22,86.0,4058,Common Core Algebra,9,74.1,1,11.1,3,33.3
Queens,Male,75.2,43.1,730,7.1,2016,2020,4 year June,10,2020-21,85.2,3790,Common Core Algebra,36,58.5,26,72.2,3,8.3
Queens,Male,72.2,29.1,821,7.9,2015,2019,4 year June,10,2019-20,89.6,3038,Common Core Algebra,65,59.9,39,60.0,2,3.1
Queens,Male,71.1,29.7,796,7.4,2014,2018,4 year June,10,2018-19,88.8,3185,Common Core Algebra,60,55.8,41,68.3,2,3.3
Queens,Male,69.4,28.4,813,7.9,2013,2017,4 year June,9,2017-18,88.8,3709,Common Core Algebra,69,63.8,36,52.2,9,13.0
Queens,Male,67.2,26.9,956,9.4,2012,2016,4 year June,9,2016-17,88.8,3645,Common Core Algebra,64,64.0,36,56.3,11,17.2
Queens,Male,85.6,40.8,792,7.9,2018,2023,5 year August,10,2023-24,87.6,3771,Common Core Algebra,50,67.3,15,30.0,4,8.0
Queens,Male,84.3,46.9,854,8.4,2017,2022,5 year August,10,2022-23,88.0,3583,Common Core Algebra,65,64.7,31,47.7,5,7.7
Queens,Male,81.8,40.2,963,9.4,2016,2021,5 year August,10,2021-22,86.0,4058,Common Core Algebra,9,74.1,1,11.1,3,33.3
Queens,Male,81.3,26.0,1080,10.3,2015,2020,5 year August,10,2020-21,85.2,3790,Common Core Algebra,36,58.5,26,72.2,3,8.3
Queens,Male,79.1,27.0,1326,12.4,2014,2019,5 year August,10,2019-20,89.6,3038,Common Core Algebra,65,59.9,39,60.0,2,3.1
Queens,Male,76.5,24.8,1195,11.7,2013,2018,5 year August,10,2018-19,88.8,3185,Common Core Algebra,60,55.8,41,68.3,2,3.3
Queens,Male,75.3,24.3,1298,12.8,2012,2017,5 year August,9,2017-18,88.8,3709,Common Core Algebra,69,63.8,36,52.2,9,13.0
Queens,Male,85.3,41.0,803,8.0,2018,2023,5 year June,10,2023-24,87.6,3771,Common Core Algebra,50,67.3,15,30.0,4,8.0
Queens,Male,84.0,47.1,866,8.5,2017,2022,5 year June,10,2022-23,88.0,3583,Common Core Algebra,65,64.7,31,47.7,5,7.7
Queens,Male,81.2,40.5,970,9.5,2016,2021,5 year June,10,2021-22,86.0,4058,Common Core Algebra,9,74.1,1,11.1,3,33.3
Queens,Male,80.8,26.2,1091,10.4,2015,2020,5 year June,10,2020-21,85.2,3790,Common Core Algebra,36,58.5,26,72.2,3,8.3
Queens,Male,78.4,27.2,1347,12.6,2014,2019,5 year June,10,2019-20,89.6,3038,Common Core Algebra,65,59.9,39,60.0,2,3.1
Queens,Male,75.7,25.0,1195,11.7,2013,2018,5 year June,10,2018-19,88.8,3185,Common Core Algebra,60,55.8,41,68.3,2,3.3
Queens,Male,74.6,24.5,1301,12.8,2012,2017,5 year June,9,2017-18,88.8,3709,Common Core Algebra,69,63.8,36,52.2,9,13.0
Queens,Male,85.1,46.6,944,9.3,2017,2023,6 year June,10,2023-24,87.6,3771,Common Core Algebra,50,67.3,15,30.0,4,8.0
Queens,Male,82.8,39.8,1053,10.3,2016,2022,6 year June,10,2022-23,88.0,3583,Common Core Algebra,65,64.7,31,47.7,5,7.7
Queens,Male,82.8,25.6,1103,10.6,2015,2021,6 year June,10,2021-22,86.0,4058,Common Core Algebra,9,74.1,1,11.1,3,33.3
Queens,Male,81.0,26.4,1343,12.6,2014,2020,6 year June,10,2020-21,85.2,3790,Common Core Algebra,36,58.5,26,72.2,3,8.3
Queens,Male,77.9,24.4,1383,13.6,2013,2019,6 year June,10,2019-20,89.6,3038,Common Core Algebra,65,59.9,39,60.0,2,3.1
Queens,Male,77.5,23.9,1387,13.8,2012,2018,6 year June,10,2018-19,88.8,3185,Common Core Algebra,60,55.8,41,68.3,2,3.3
Staten Island,Female,90.4,66.3,56,2.5,2017,2021,4 year August,10,2021-22,88.2,836,Physical Settings/Earth Science,7,65.4,3,42.9,1,14.3
Staten Island,Female,87.6,59.9,72,3.1,2016,2020,4 year August,10,2020-21,87.0,690,Common Core English,68,92.4,1,1.5,66,97.1
Staten Island,Female,87.5,40.2,97,4.5,2015,2019,4 year August,10,2019-20,91.0,613,Common Core Algebra,60,82.2,3,5.0,48,80.0
Staten Island,Female,84.3,38.1,99,4.5,2014,2018,4 year August,10,2018-19,90.1,642,Chinese,11,67.0,5,45.5,2,18.2
Staten Island,Female,84.6,34.4,107,5.0,2013,2017,4 year August,9,2017-18,87.4,667,Chinese,17,62.9,9,52.9,2,11.8
Staten Island,Female,83.4,34.5,113,5.2,2012,2016,4 year August,9,2016-17,86.6,772,Algebra2/Trigonometry,57,53.0,44,77.2,2,3.5
Staten Island,Female,88.3,67.5,57,2.5,2017,2021,4 year June,10,2021-22,88.2,836,Physical Settings/Earth Science,7,65.4,3,42.9,1,14.3
Staten Island,Female,86.6,60.5,72,3.1,2016,2020,4 year June,10,2020-21,87.0,690,Common Core English,68,92.4,1,1.5,66,97.1
Staten Island,Female,86.1,40.8,97,4.5,2015,2019,4 year June,10,2019-20,91.0,613,Common Core Algebra,60,82.2,3,5.0,48,80.0
Staten Island,Female,82.8,38.8,99,4.5,2014,2018,4 year June,10,2018-19,90.1,642,Chinese,11,67.0,5,45.5,2,18.2
Staten Island,Female,83.1,34.9,107,5.0,2013,2017,4 year June,9,2017-18,87.4,667,Chinese,17,62.9,9,52.9,2,11.8
Staten Island,Female,81.9,35.1,113,5.2,2012,2016,4 year June,9,2016-17,86.6,772,Algebra2/Trigonometry,57,53.0,44,77.2,2,3.5
Staten Island,Female,90.2,58.4,114,5.0,2016,2021,5 year August,10,2021-22,88.2,836,Physical Settings/Earth Science,7,65.4,3,42.9,1,14.3
Staten Island,Female,89.9,39.2,115,5.3,2015,2020,5 year August,10,2020-21,87.0,690,Common Core English,68,92.4,1,1.5,66,97.1
Staten Island,Female,87.2,36.9,168,7.6,2014,2019,5 year August,10,2019-20,91.0,613,Common Core Algebra,60,82.2,3,5.0,48,80.0
Staten Island,Female,87.3,33.4,154,7.2,2013,2018,5 year August,10,2018-19,90.1,642,Chinese,11,67.0,5,45.5,2,18.2
Staten Island,Female,86.2,33.3,158,7.3,2012,2017,5 year August,9,2017-18,87.4,667,Chinese,17,62.9,9,52.9,2,11.8
Staten Island,Female,89.8,58.6,115,5.0,2016,2021,5 year June,10,2021-22,88.2,836,Physical Settings/Earth Science,7,65.4,3,42.9,1,14.3
Staten Island,Female,89.5,39.4,117,5.4,2015,2020,5 year June,10,2020-21,87.0,690,Common Core English,68,92.4,1,1.5,66,97.1
Staten Island,Female,86.8,37.0,169,7.6,2014,2019,5 year June,10,2019-20,91.0,613,Common Core Algebra,60,82.2,3,5.0,48,80.0
Staten Island,Female,86.8,33.6,154,7.2,2013,2018,5 year June,10,2018-19,90.1,642,Chinese,11,67.0,5,45.5,2,18.2
Staten Island,Female,86.0,33.3,158,7.3,2012,2017,5 year June,9,2017-18,87.4,667,Chinese,17,62.9,9,52.9,2,11.8
Staten Island,Female,90.5,38.9,123,5.7,2015,2021,6 year June,10,2021-22,88.2,836,Physical Settings/Earth Science,7,65.4,3,42.9,1,14.3
Staten Island,Female,88.3,36.4,164,7.4,2014,2020,6 year June,10,2020-21,87.0,690,Common Core English,68,92.4,1,1.5,66,97.1
Staten Island,Female,88.1,33.1,170,8.0,2013,2019,6 year June,10,2019-20,91.0,613,Common Core Algebra,60,82.2,3,5.0,48,80.0
Staten Island,Female,87.1,32.9,171,7.9,2012,2018,6 year June,10,2018-19,90.1,642,Chinese,11,67.0,5,45.5,2,18.2
Staten Island,Male,83.5,36.2,113,4.7,2019,2023,4 year August,10,2023-24,90.0,711,Chinese,16,58.1,10,62.5,1,6.3
Staten Island,Male,82.7,56.5,128,5.5,2018,2022,4 year August,10,2022-23,89.6,768,Chinese,8,69.4,3,37.5,2,25.0
Staten Island,Male,82.1,53.9,114,4.7,2017,2021,4 year August,10,2021-22,87.6,944,Physical Settings/Earth Science,19,65.8,7,36.8,9,47.4
Staten Island,Male,81.9,47.9,109,4.5,2016,2020,4 year August,10,2020-21,82.5,955,Common Core English,59,89.1,2,3.4,54,91.5
Staten Island,Male,78.2,32.9,127,5.6,2015,2019,4 year August,10,2019-20,90.2,650,Common Core Algebra,35,80.3,1,2.9,20,57.1
Staten Island,Male,77.5,32.8,156,6.4,2014,2018,4 year August,10,2018-19,89.5,711,Chinese,7,67.3,3,42.9,2,28.6
Staten Island,Male,76.6,32.1,169,6.8,2013,2017,4 year August,9,2017-18,88.2,775,Chinese,7,51.6,6,85.7,0,0.0
Staten Island,Male,76.0,29.2,176,7.4,2012,2016,4 year August,9,2016-17,86.8,865,Algebra2/Trigonometry,53,53.3,38,71.7,3,5.7
Staten Island,Male,81.7,37.0,113,4.7,2019,2023,4 year June,10,2023-24,90.0,711,Chinese,16,58.1,10,62.5,1,6.3
Staten Island,Male,81.0,57.5,129,5.6,2018,2022,4 year June,10,2022-23,89.6,768,Chinese,8,69.4,3,37.5,2,25.0
Staten Island,Male,79.2,55.4,115,4.8,2017,2021,4 year June,10,2021-22,87.6,944,Physical Settings/Earth Science,19,65.8,7,36.8,9,47.4
Staten Island,Male,80.6,48.4,109,4.5,2016,2020,4 year June,10,2020-21,82.5,955,Common Core English,59,89.1,2,3.4,54,91.5
Staten Island,Male,76.2,33.8,127,5.6,2015,2019,4 year June,10,2019-20,90.2,650,Common Core Algebra,35,80.3,1,2.9,20,57.1
Staten Island,Male,75.5,33.6,156,6.4,2014,2018,4 year June,10,2018-19,89.5,711,Chinese,7,67.3,3,42.9,2,28.6
Staten Island,Male,75.0,32.7,169,6.8,2013,2017,4 year June,9,2017-18,88.2,775,Chinese,7,51.6,6,85.7,0,0.0
Staten Island,Male,73.7,30.1,176,7.4,2012,2016,4 year June,9,2016-17,86.8,865,Algebra2/Trigonometry,53,53.3,38,71.7,3,5.7
Staten Island,Male,85.3,55.2,178,7.7,2018,2023,5 year August,10,2023-24,90.0,711,Chinese,16,58.1,10,62.5,1,6.3
Staten Island,Male,85.4,52.4,200,8.3,2017,2022,5 year August,10,2022-23,89.6,768,Chinese,8,69.4,3,37.5,2,25.0
Staten Island,Male,85.3,46.3,179,7.5,2016,2021,5 year August,10,2021-22,87.6,944,Physical Settings/Earth Science,19,65.8,7,36.8,9,47.4
Staten Island,Male,82.2,31.4,182,8.1,2015,2020,5 year August,10,2020-21,82.5,955,Common Core English,59,89.1,2,3.4,54,91.5
Staten Island,Male,81.2,31.5,253,10.4,2014,2019,5 year August,10,2019-20,90.2,650,Common Core Algebra,35,80.3,1,2.9,20,57.1
Staten Island,Male,80.2,30.7,247,9.9,2013,2018,5 year August,10,2018-19,89.5,711,Chinese,7,67.3,3,42.9,2,28.6
Staten Island,Male,80.2,27.8,246,10.4,2012,2017,5 year August,9,2017-18,88.2,775,Chinese,7,51.6,6,85.7,0,0.0
Staten Island,Male,84.9,55.5,178,7.7,2018,2023,5 year June,10,2023-24,90.0,711,Chinese,16,58.1,10,62.5,1,6.3
Staten Island,Male,85.1,52.5,201,8.4,2017,2022,5 year June,10,2022-23,89.6,768,Chinese,8,69.4,3,37.5,2,25.0
Staten Island,Male,84.8,46.5,181,7.6,2016,2021,5 year June,10,2021-22,87.6,944,Physical Settings/Earth Science,19,65.8,7,36.8,9,47.4
Staten Island,Male,81.7,31.6,186,8.2,2015,2020,5 year June,10,2020-21,82.5,955,Common Core English,59,89.1,2,3.4,54,91.5
Staten Island,Male,80.8,31.6,254,10.4,2014,2019,5 year June,10,2019-20,90.2,650,Common Core Algebra,35,80.3,1,2.9,20,57.1
Staten Island,Male,80.0,30.7,247,9.9,2013,2018,5 year June,10,2018-19,89.5,711,Chinese,7,67.3,3,42.9,2,28.6
Staten Island,Male,80.0,27.8,246,10.4,2012,2017,5 year June,9,2017-18,88.2,775,Chinese,7,51.6,6,85.7,0,0.0
Staten Island,Male,86.4,51.7,205,8.6,2017,2023,6 year June,10,2023-24,90.0,711,Chinese,16,58.1,10,62.5,1,6.3
Staten Island,Male,86.1,45.8,205,8.6,2016,2022,6 year June,10,2022-23,89.6,768,Chinese,8,69.4,3,37.5,2,25.0
Staten Island,Male,83.4,31.0,209,9.3,2015,2021,6 year June,10,2021-22,87.6,944,Physical Settings/Earth Science,19,65.8,7,36.8,9,47.4
Staten Island,Male,82.6,31.0,255,10.5,2014,2020,6 year June,10,2020-21,82.5,955,Common Core English,59,89.1,2,3.4,54,91.5
Staten Island,Male,81.8,30.2,270,10.9,2013,2019,6 year June,10,2019-20,90.2,650,Common Core Algebra,35,80.3,1,2.9,20,57.1
Staten Island,Male,81.6,27.3,256,10.8,2012,2018,6 year June,10,2018-19,89.5,711,Chinese,7,67.3,3,42.9,2,28.6
